name,slug,kind,ref_currency,price_per_unit,trend_7d_pct,daily_volume,image_url,fetched_at,region,league
Arcanist's Etcher,etcher,currency,exalted,2.07,+3,,https://web.poecdn.com/gen/image/WzI1LDE0LHsiZiI6IjJESXRlbXMvQ3VycmVuY3kvQ3VycmVuY3lXZWFwb25NYWdpY1F1YWxpdHkiLCJzY2FsZSI6MSwicmVhbG0iOiJwb2UyIn1d/516e8f1131/CurrencyWeaponMagicQuality.png,2026-09-14T18:13:19Z,us,
Armourer's Scrap,scrap,currency,exalted,0.7634,-22,,https://web.poecdn.com/gen/image/WzI1LDE0LHsiZiI6IjJESXRlbXMvQ3VycmVuY3kvQ3VycmVuY3lBcm1vdXJRdWFsaXR5Iiwic2NhbGUiOjEsInJlYWxtIjoicG9lMiJ9XQ/d5868f596d/CurrencyArmourQuality.png,2026-09-14T18:13:19Z,us,
Artificer's Orb,artificers,currency,exalted,1.46,-16,510,https://web.poecdn.com/gen/image/WzI1LDE0LHsiZiI6IjJESXRlbXMvQ3VycmVuY3kvQ3VycmVuY3lBZGRFcXVpcG1lbnRTb2NrZXQiLCJzY2FsZSI6MSwicmVhbG0iOiJwb2UyIn1d/5131fd4774/CurrencyAddEquipmentSocket.png,2026-09-14T18:13:19Z,us,
Blacksmith's Whetstone,whetstone,currency,exalted,0.7407,+141,,https://web.poecdn.com/gen/image/WzI1LDE0LHsiZiI6IjJESXRlbXMvQ3VycmVuY3kvQ3VycmVuY3lXZWFwb25RdWFsaXR5Iiwic2NhbGUiOjEsInJlYWxtIjoicG9lMiJ9XQ/18715ea7be/CurrencyWeaponQuality.png,2026-09-14T18:13:19Z,us,
Chance Shard,chance-shard,currency,exalted,0.25,,32,https://web.poecdn.com/gen/image/WzI1LDE0LHsiZiI6IjJESXRlbXMvQ3VycmVuY3kvQ3VycmVuY3lVcGdyYWRlVG9VbmlxdWVTaGFyZCIsInNjYWxlIjoxLCJyZWFsbSI6InBvZTIifV0/9828a70270/CurrencyUpgradeToUniqueShard.png,2026-09-14T18:13:19Z,us,
Chaos Orb,chaos,currency,divine,0.09259,+39,,https://web.poecdn.com/gen/image/WzI1LDE0LHsiZiI6IjJESXRlbXMvQ3VycmVuY3kvQ3VycmVuY3lSZXJvbGxSYXJlIiwic2NhbGUiOjEsInJlYWxtIjoicG9lMiJ9XQ/c0ca392a78/CurrencyRerollRare.png,2026-09-14T18:13:19Z,us,
Cryptic Key,cryptic-key,currency,divine,0.3311,+31,377,https://web.poecdn.com/gen/image/WzI1LDE0LHsiZiI6IjJESXRlbXMvQ3VycmVuY3kvU3Ryb25nYm94U2tlbGV0b25LZXkiLCJzY2FsZSI6MSwicmVhbG0iOiJwb2UyIn1d/ae08d02326/StrongboxSkeletonKey.png,2026-09-14T18:13:19Z,us,
Divine Orb,divine,currency,chaos,10.8,-27,,https://web.poecdn.com/gen/image/WzI1LDE0LHsiZiI6IjJESXRlbXMvQ3VycmVuY3kvQ3VycmVuY3lNb2RWYWx1ZXMiLCJzY2FsZSI6MSwicmVhbG0iOiJwb2UyIn1d/2986e220b3/CurrencyModValues.png,2026-09-14T18:13:19Z,us,
Exalted Orb,exalted,currency,divine,0.001802,,,https://web.poecdn.com/gen/image/WzI1LDE0LHsiZiI6IjJESXRlbXMvQ3VycmVuY3kvQ3VycmVuY3lBZGRNb2RUb1JhcmUiLCJzY2FsZSI6MSwicmVhbG0iOiJwb2UyIn1d/ad7c366789/CurrencyAddModToRare.png,2026-09-14T18:13:19Z,us,
Fracturing Orb,fracturing-orb,currency,divine,5.67,-2,,https://web.poecdn.com/gen/image/WzI1LDE0LHsiZiI6IjJESXRlbXMvQ3VycmVuY3kvRnJhY3R1cmluZ09yYiIsInNjYWxlIjoxLCJyZWFsbSI6InBvZTIifV0/8b85ed1dc2/FracturingOrb.png,2026-09-14T18:13:19Z,us,
Gemcutter's Prism,gcp,currency,divine,0.0361,+25,,https://web.poecdn.com/gen/image/WzI1LDE0LHsiZiI6IjJESXRlbXMvQ3VycmVuY3kvQ3VycmVuY3lHZW1RdWFsaXR5Iiwic2NhbGUiOjEsInJlYWxtIjoicG9lMiJ9XQ/f4bace18d7/CurrencyGemQuality.png,2026-09-14T18:13:19Z,us,
Glassblower's Bauble,bauble,currency,chaos,0.2119,-55,788,https://web.poecdn.com/gen/image/WzI1LDE0LHsiZiI6IjJESXRlbXMvQ3VycmVuY3kvQ3VycmVuY3lGbGFza1F1YWxpdHkiLCJzY2FsZSI6MSwicmVhbG0iOiJwb2UyIn1d/1cec279e01/CurrencyFlaskQuality.png,2026-09-14T18:13:19Z,us,
Greater Chaos Orb,greater-chaos-orb,currency,divine,0.2976,+41,,https://web.poecdn.com/gen/image/WzI1LDE0LHsiZiI6IjJESXRlbXMvQ3VycmVuY3kvQ3VycmVuY3lSZXJvbGxSYXJlIiwic2NhbGUiOjEsInJlYWxtIjoicG9lMiJ9XQ/c0ca392a78/CurrencyRerollRare.png,2026-09-14T18:13:19Z,us,
Greater Exalted Orb,greater-exalted-orb,currency,divine,0.01675,-52,,https://web.poecdn.com/gen/image/WzI1LDE0LHsiZiI6IjJESXRlbXMvQ3VycmVuY3kvQ3VycmVuY3lBZGRNb2RUb1JhcmUiLCJzY2FsZSI6MSwicmVhbG0iOiJwb2UyIn1d/ad7c366789/CurrencyAddModToRare.png,2026-09-14T18:13:19Z,us,
Greater Jeweller's Orb,greater-jewellers-orb,currency,exalted,0.5435,-83,,https://web.poecdn.com/gen/image/WzI1LDE0LHsiZiI6IjJESXRlbXMvQ3VycmVuY3kvQ3VycmVuY3lSZXJvbGxTb2NrZXROdW1iZXJzMDIiLCJzY2FsZSI6MSwicmVhbG0iOiJwb2UyIn1d/7dd6ee75be/CurrencyRerollSocketNumbers02.png,2026-09-14T18:13:19Z,us,
Greater Orb of Augmentation,greater-orb-of-augmentation,currency,exalted,0.06803,+43,,https://web.poecdn.com/gen/image/WzI1LDE0LHsiZiI6IjJESXRlbXMvQ3VycmVuY3kvQ3VycmVuY3lBZGRNb2RUb01hZ2ljIiwic2NhbGUiOjEsInJlYWxtIjoicG9lMiJ9XQ/c8ad0ddc84/CurrencyAddModToMagic.png,2026-09-14T18:13:19Z,us,
Greater Orb of Transmutation,greater-orb-of-transmutation,currency,exalted,0.07463,-11,,https://web.poecdn.com/gen/image/WzI1LDE0LHsiZiI6IjJESXRlbXMvQ3VycmVuY3kvQ3VycmVuY3lVcGdyYWRlVG9NYWdpYyIsInNjYWxlIjoxLCJyZWFsbSI6InBvZTIifV0/2f8e1ff9f8/CurrencyUpgradeToMagic.png,2026-09-14T18:13:19Z,us,
Greater Regal Orb,greater-regal-orb,currency,exalted,4.45,+48,,https://web.poecdn.com/gen/image/WzI1LDE0LHsiZiI6IjJESXRlbXMvQ3VycmVuY3kvQ3VycmVuY3lVcGdyYWRlTWFnaWNUb1JhcmUiLCJzY2FsZSI6MSwicmVhbG0iOiJwb2UyIn1d/e8fb148e80/CurrencyUpgradeMagicToRare.png,2026-09-14T18:13:19Z,us,
Hinekora's Lock,hinekoras-lock,currency,divine,2761,-20,42,https://web.poecdn.com/gen/image/WzI1LDE0LHsiZiI6IjJESXRlbXMvQ3VycmVuY3kvSGluZWtvcmFzTG9jayIsInNjYWxlIjoxLCJyZWFsbSI6InBvZTIifV0/ab2163ae06/HinekorasLock.png,2026-09-14T18:13:19Z,us,
Lesser Jeweller's Orb,lesser-jewellers-orb,currency,divine,0.003623,+300,276,https://web.poecdn.com/gen/image/WzI1LDE0LHsiZiI6IjJESXRlbXMvQ3VycmVuY3kvQ3VycmVuY3lSZXJvbGxTb2NrZXROdW1iZXJzMDEiLCJzY2FsZSI6MSwicmVhbG0iOiJwb2UyIn1d/b0b9a43ed8/CurrencyRerollSocketNumbers01.png,2026-09-14T18:13:19Z,us,
Mirror of Kalandra,mirror,currency,divine,6858,-8,32,https://web.poecdn.com/gen/image/WzI1LDE0LHsiZiI6IjJESXRlbXMvQ3VycmVuY3kvQ3VycmVuY3lEdXBsaWNhdGUiLCJzY2FsZSI6MSwicmVhbG0iOiJwb2UyIn1d/26bc31680e/CurrencyDuplicate.png,2026-09-14T18:13:19Z,us,
Orb of Alchemy,alch,currency,divine,0.001957,+100,,https://web.poecdn.com/gen/image/WzI1LDE0LHsiZiI6IjJESXRlbXMvQ3VycmVuY3kvQ3VycmVuY3lVcGdyYWRlVG9SYXJlIiwic2NhbGUiOjEsInJlYWxtIjoicG9lMiJ9XQ/9b80b44821/CurrencyUpgradeToRare.png,2026-09-14T18:13:19Z,us,
Orb of Annulment,annul,currency,divine,0.3745,-9,,https://web.poecdn.com/gen/image/WzI1LDE0LHsiZiI6IjJESXRlbXMvQ3VycmVuY3kvQW5udWxsT3JiIiwic2NhbGUiOjEsInJlYWxtIjoicG9lMiJ9XQ/2daba8ccca/AnnullOrb.png,2026-09-14T18:13:19Z,us,
Orb of Augmentation,aug,currency,divine,0.0007315,,,https://web.poecdn.com/gen/image/WzI1LDE0LHsiZiI6IjJESXRlbXMvQ3VycmVuY3kvQ3VycmVuY3lBZGRNb2RUb01hZ2ljIiwic2NhbGUiOjEsInJlYWxtIjoicG9lMiJ9XQ/c8ad0ddc84/CurrencyAddModToMagic.png,2026-09-14T18:13:19Z,us,
Orb of Chance,chance,currency,divine,0.06667,+35,,https://web.poecdn.com/gen/image/WzI1LDE0LHsiZiI6IjJESXRlbXMvQ3VycmVuY3kvQ3VycmVuY3lVcGdyYWRlVG9VbmlxdWUiLCJzY2FsZSI6MSwicmVhbG0iOiJwb2UyIn1d/93c6cc8d5b/CurrencyUpgradeToUnique.png,2026-09-14T18:13:19Z,us,
Orb of Transmutation,transmute,currency,divine,0.0005,,,https://web.poecdn.com/gen/image/WzI1LDE0LHsiZiI6IjJESXRlbXMvQ3VycmVuY3kvQ3VycmVuY3lVcGdyYWRlVG9NYWdpYyIsInNjYWxlIjoxLCJyZWFsbSI6InBvZTIifV0/2f8e1ff9f8/CurrencyUpgradeToMagic.png,2026-09-14T18:13:19Z,us,
Perfect Chaos Orb,perfect-chaos-orb,currency,divine,8.2,+12,,https://web.poecdn.com/gen/image/WzI1LDE0LHsiZiI6IjJESXRlbXMvQ3VycmVuY3kvQ3VycmVuY3lSZXJvbGxSYXJlIiwic2NhbGUiOjEsInJlYWxtIjoicG9lMiJ9XQ/c0ca392a78/CurrencyRerollRare.png,2026-09-14T18:13:19Z,us,
Perfect Exalted Orb,perfect-exalted-orb,currency,divine,3.61,+2,,https://web.poecdn.com/gen/image/WzI1LDE0LHsiZiI6IjJESXRlbXMvQ3VycmVuY3kvQ3VycmVuY3lBZGRNb2RUb1JhcmUiLCJzY2FsZSI6MSwicmVhbG0iOiJwb2UyIn1d/ad7c366789/CurrencyAddModToRare.png,2026-09-14T18:13:19Z,us,
Perfect Jeweller's Orb,perfect-jewellers-orb,currency,divine,0.7042,+82,,https://web.poecdn.com/gen/image/WzI1LDE0LHsiZiI6IjJESXRlbXMvQ3VycmVuY3kvQ3VycmVuY3lSZXJvbGxTb2NrZXROdW1iZXJzMDMiLCJzY2FsZSI6MSwicmVhbG0iOiJwb2UyIn1d/ac6398e6a0/CurrencyRerollSocketNumbers03.png,2026-09-14T18:13:19Z,us,
Perfect Orb of Augmentation,perfect-orb-of-augmentation,currency,divine,0.07299,+0,,https://web.poecdn.com/gen/image/WzI1LDE0LHsiZiI6IjJESXRlbXMvQ3VycmVuY3kvQ3VycmVuY3lBZGRNb2RUb01hZ2ljIiwic2NhbGUiOjEsInJlYWxtIjoicG9lMiJ9XQ/c8ad0ddc84/CurrencyAddModToMagic.png,2026-09-14T18:13:19Z,us,
Perfect Orb of Transmutation,perfect-orb-of-transmutation,currency,divine,0.01996,+0,,https://web.poecdn.com/gen/image/WzI1LDE0LHsiZiI6IjJESXRlbXMvQ3VycmVuY3kvQ3VycmVuY3lVcGdyYWRlVG9NYWdpYyIsInNjYWxlIjoxLCJyZWFsbSI6InBvZTIifV0/2f8e1ff9f8/CurrencyUpgradeToMagic.png,2026-09-14T18:13:19Z,us,
Perfect Regal Orb,perfect-regal-orb,currency,divine,0.2833,-23,703,https://web.poecdn.com/gen/image/WzI1LDE0LHsiZiI6IjJESXRlbXMvQ3VycmVuY3kvQ3VycmVuY3lVcGdyYWRlTWFnaWNUb1JhcmUiLCJzY2FsZSI6MSwicmVhbG0iOiJwb2UyIn1d/e8fb148e80/CurrencyUpgradeMagicToRare.png,2026-09-14T18:13:19Z,us,
Regal Orb,regal,currency,exalted,0.1859,+279,,https://web.poecdn.com/gen/image/WzI1LDE0LHsiZiI6IjJESXRlbXMvQ3VycmVuY3kvQ3VycmVuY3lVcGdyYWRlTWFnaWNUb1JhcmUiLCJzY2FsZSI6MSwicmVhbG0iOiJwb2UyIn1d/e8fb148e80/CurrencyUpgradeMagicToRare.png,2026-09-14T18:13:19Z,us,
Scroll of Wisdom,wisdom,currency,exalted,0.01786,+27,,https://web.poecdn.com/gen/image/WzI1LDE0LHsiZiI6IjJESXRlbXMvQ3VycmVuY3kvQ3VycmVuY3lJZGVudGlmaWNhdGlvbiIsInNjYWxlIjoxLCJyZWFsbSI6InBvZTIifV0/884f7bc58b/CurrencyIdentification.png,2026-09-14T18:13:19Z,us,
Vaal Orb,vaal,currency,divine,0.01192,+30,,https://web.poecdn.com/gen/image/WzI1LDE0LHsiZiI6IjJESXRlbXMvQ3VycmVuY3kvQ3VycmVuY3lWYWFsIiwic2NhbGUiOjEsInJlYWxtIjoicG9lMiJ9XQ/72bc84396c/CurrencyVaal.png,2026-09-14T18:13:19Z,us,
An Audience with the King,an-audience-with-the-king,omen,exalted,8.82,+137,771,https://web.poecdn.com/gen/image/WzI1LDE0LHsiZiI6IjJESXRlbXMvQ3VycmVuY3kvUml0dWFsL1Zvb2Rvb0tpbmdFZmZpZ3kiLCJzY2FsZSI6MSwicmVhbG0iOiJwb2UyIn1d/0b02c113cc/VoodooKingEffigy.png,2026-09-14T18:13:19Z,us,
Head of the King,head-of-the-king,omen,divine,3.64,+46,,https://web.poecdn.com/gen/image/WzI1LDE0LHsiZiI6IjJESXRlbXMvUXVlc3RJdGVtcy9LaW5nb2Z0aGVNaXN0SGVhZCIsInNjYWxlIjoxLCJyZWFsbSI6InBvZTIifV0/254e341ba3/KingoftheMistHead.png,2026-09-14T18:13:19Z,us,
Omen of Amelioration,omen-of-amelioration,omen,divine,0.2865,-3,,https://web.poecdn.com/gen/image/WzI1LDE0LHsiZiI6IjJESXRlbXMvQ3VycmVuY3kvT21lbnMvVm9vZG9vT21lbnMzQmx1ZSIsInNjYWxlIjoxLCJyZWFsbSI6InBvZTIifV0/b5ee965352/VoodooOmens3Blue.png,2026-09-14T18:13:19Z,us,
Omen of Answered Prayers,omen-of-answered-prayers,omen,exalted,178,-99,2,https://web.poecdn.com/gen/image/WzI1LDE0LHsiZiI6IjJESXRlbXMvQ3VycmVuY3kvT21lbnMvVm9vZG9vT21lbnM0Qmx1ZSIsInNjYWxlIjoxLCJyZWFsbSI6InBvZTIifV0/ba21c85554/VoodooOmens4Blue.png,2026-09-14T18:13:19Z,us,
Omen of Bartering,omen-of-bartering,omen,divine,0.09259,-41,,https://web.poecdn.com/gen/image/WzI1LDE0LHsiZiI6IjJESXRlbXMvQ3VycmVuY3kvT21lbnMvT21lblNlbGxWZW5kb3JSYW5kb21pc2UiLCJzY2FsZSI6MSwicmVhbG0iOiJwb2UyIn1d/12ef99da8b/OmenSellVendorRandomise.png,2026-09-14T18:13:19Z,us,
Omen of Catalysing Exaltation,omen-of-catalysing-exaltation,omen,exalted,5.89,+78,229,https://web.poecdn.com/gen/image/WzI1LDE0LHsiZiI6IjJESXRlbXMvQ3VycmVuY3kvT21lbnMvT21lbk9uRXhhbHRDb25zdW1lUXVhbGl0eSIsInNjYWxlIjoxLCJyZWFsbSI6InBvZTIifV0/ca4d0db767/OmenOnExaltConsumeQuality.png,2026-09-14T18:13:19Z,us,
Omen of Chance,omen-of-chance,omen,divine,20.8,+56,180,https://web.poecdn.com/gen/image/WzI1LDE0LHsiZiI6IjJESXRlbXMvQ3VycmVuY3kvT21lbnMvT21lbk9uQ2hhbmNlTm90RGVzdHJveSIsInNjYWxlIjoxLCJyZWFsbSI6InBvZTIifV0/461b794959/OmenOnChanceNotDestroy.png,2026-09-14T18:13:19Z,us,
Omen of Chaotic Effectiveness,omen-of-chaotic-effectiveness,omen,divine,0.1767,-5,,https://web.poecdn.com/gen/image/WzI1LDE0LHsiZiI6IjJESXRlbXMvQ3VycmVuY3kvT21lbnMvT21lbk9uQ2hhb3NNYXBNb25zdGVyRWZmZWN0aXZlbmVzcyIsInNjYWxlIjoxLCJyZWFsbSI6InBvZTIifV0/1dc9f3dea9/OmenOnChaosMapMonsterEffectiveness.png,2026-09-14T18:13:19Z,us,
Omen of Chaotic Monsters,omen-of-chaotic-monsters,omen,divine,0.1168,-42,,https://web.poecdn.com/gen/image/WzI1LDE0LHsiZiI6IjJESXRlbXMvQ3VycmVuY3kvT21lbnMvT21lbk9uQ2hhb3NNYXBJdGVtUXVhbnRpdHkiLCJzY2FsZSI6MSwicmVhbG0iOiJwb2UyIn1d/dcd21d0252/OmenOnChaosMapItemQuantity.png,2026-09-14T18:13:19Z,us,
Omen of Chaotic Quantity,omen-of-chaotic-quantity,omen,divine,0.1484,-17,,https://web.poecdn.com/gen/image/WzI1LDE0LHsiZiI6IjJESXRlbXMvQ3VycmVuY3kvT21lbnMvT21lbk9uQ2hhb3NNYXBQYWNrU2l6ZSIsInNjYWxlIjoxLCJyZWFsbSI6InBvZTIifV0/9ea6c86009/OmenOnChaosMapPackSize.png,2026-09-14T18:13:19Z,us,
Omen of Chaotic Rarity,omen-of-chaotic-rarity,omen,divine,0.1443,+13,,https://web.poecdn.com/gen/image/WzI1LDE0LHsiZiI6IjJESXRlbXMvQ3VycmVuY3kvT21lbnMvT21lbk9uQ2hhb3NNYXBJdGVtUmFyaXR5Iiwic2NhbGUiOjEsInJlYWxtIjoicG9lMiJ9XQ/e7d9f8657d/OmenOnChaosMapItemRarity.png,2026-09-14T18:13:19Z,us,
Omen of Dextral Annulment,omen-of-dextral-annulment,omen,divine,19.5,+87,,https://web.poecdn.com/gen/image/WzI1LDE0LHsiZiI6IjJESXRlbXMvQ3VycmVuY3kvT21lbnMvVm9vZG9vT21lbnMzUHVycGxlIiwic2NhbGUiOjEsInJlYWxtIjoicG9lMiJ9XQ/d901658529/VoodooOmens3Purple.png,2026-09-14T18:13:19Z,us,
Omen of Dextral Crystallisation,omen-of-dextral-crystallisation,omen,divine,0.4405,+11,741,https://web.poecdn.com/gen/image/WzI1LDE0LHsiZiI6IjJESXRlbXMvQ3VycmVuY3kvT21lbnMvT21lbk9uUGVyZmVjdEVzc2VuY2VTdWZmaXgiLCJzY2FsZSI6MSwicmVhbG0iOiJwb2UyIn1d/7ec019819e/OmenOnPerfectEssenceSuffix.png,2026-09-14T18:13:19Z,us,
Omen of Dextral Erasure,omen-of-dextral-erasure,omen,divine,19.7,+23,838,https://web.poecdn.com/gen/image/WzI1LDE0LHsiZiI6IjJESXRlbXMvQ3VycmVuY3kvT21lbnMvVm9vZG9vT21lbnMzRGFyayIsInNjYWxlIjoxLCJyZWFsbSI6InBvZTIifV0/6e2bb52963/VoodooOmens3Dark.png,2026-09-14T18:13:19Z,us,
Omen of Dextral Exaltation,omen-of-dextral-exaltation,omen,exalted,4.77,+29,480,https://web.poecdn.com/gen/image/WzI1LDE0LHsiZiI6IjJESXRlbXMvQ3VycmVuY3kvT21lbnMvVm9vZG9vT21lbnMzWWVsbG93Iiwic2NhbGUiOjEsInJlYWxtIjoicG9lMiJ9XQ/ed7cf06fa4/VoodooOmens3Yellow.png,2026-09-14T18:13:19Z,us,
Omen of Gambling,omen-of-gambling,omen,exalted,1.17,+8,105,https://web.poecdn.com/gen/image/WzI1LDE0LHsiZiI6IjJESXRlbXMvQ3VycmVuY3kvT21lbnMvT21lbkdhbWJsZU5vR29sZENvc3QiLCJzY2FsZSI6MSwicmVhbG0iOiJwb2UyIn1d/90225aff24/OmenGambleNoGoldCost.png,2026-09-14T18:13:19Z,us,
Omen of Greater Exaltation,omen-of-greater-exaltation,omen,divine,0.02237,+0,,https://web.poecdn.com/gen/image/WzI1LDE0LHsiZiI6IjJESXRlbXMvQ3VycmVuY3kvT21lbnMvVm9vZG9vT21lbnMxWWVsbG93Iiwic2NhbGUiOjEsInJlYWxtIjoicG9lMiJ9XQ/22d9b6478d/VoodooOmens1Yellow.png,2026-09-14T18:13:19Z,us,
Omen of Refreshment,omen-of-refreshment,omen,exalted,0.8065,-57,289,https://web.poecdn.com/gen/image/WzI1LDE0LHsiZiI6IjJESXRlbXMvQ3VycmVuY3kvT21lbnMvVm9vZG9vT21lbnMxQmx1ZSIsInNjYWxlIjoxLCJyZWFsbSI6InBvZTIifV0/213474d1d5/VoodooOmens1Blue.png,2026-09-14T18:13:19Z,us,
Omen of Reinforcements,omen-of-reinforcements,omen,exalted,173,+40,6,https://web.poecdn.com/gen/image/WzI1LDE0LHsiZiI6IjJESXRlbXMvQ3VycmVuY3kvT21lbnMvVm9vZG9vT21lbnM0UHVycGxlIiwic2NhbGUiOjEsInJlYWxtIjoicG9lMiJ9XQ/bed352248c/VoodooOmens4Purple.png,2026-09-14T18:13:19Z,us,
Omen of Resurgence,omen-of-resurgence,omen,exalted,9.11,+143,,https://web.poecdn.com/gen/image/WzI1LDE0LHsiZiI6IjJESXRlbXMvQ3VycmVuY3kvT21lbnMvVm9vZG9vT21lbnMyQmx1ZSIsInNjYWxlIjoxLCJyZWFsbSI6InBvZTIifV0/044d5086da/VoodooOmens2Blue.png,2026-09-14T18:13:19Z,us,
Omen of Sanctification,omen-of-sanctification,omen,divine,2.5,+258,178,https://web.poecdn.com/gen/image/WzI1LDE0LHsiZiI6IjJESXRlbXMvQ3VycmVuY3kvT21lbnMvT21lbk9uRGl2aW5lU2FuY3RpZnkiLCJzY2FsZSI6MSwicmVhbG0iOiJwb2UyIn1d/895416b2b9/OmenOnDivineSanctify.png,2026-09-14T18:13:19Z,us,
Omen of Secret Compartments,omen-of-secret-compartments,omen,divine,5,+63,12,https://web.poecdn.com/gen/image/WzI1LDE0LHsiZiI6IjJESXRlbXMvQ3VycmVuY3kvT21lbnMvVm9vZG9vT21lbnM0RGFyayIsInNjYWxlIjoxLCJyZWFsbSI6InBvZTIifV0/a152f2714f/VoodooOmens4Dark.png,2026-09-14T18:13:19Z,us,
Omen of Sinistral Annulment,omen-of-sinistral-annulment,omen,divine,19.8,-25,891,https://web.poecdn.com/gen/image/WzI1LDE0LHsiZiI6IjJESXRlbXMvQ3VycmVuY3kvT21lbnMvVm9vZG9vT21lbnMyUHVycGxlIiwic2NhbGUiOjEsInJlYWxtIjoicG9lMiJ9XQ/b9eaf38592/VoodooOmens2Purple.png,2026-09-14T18:13:19Z,us,
Omen of Sinistral Crystallisation,omen-of-sinistral-crystallisation,omen,divine,0.5076,+94,384,https://web.poecdn.com/gen/image/WzI1LDE0LHsiZiI6IjJESXRlbXMvQ3VycmVuY3kvT21lbnMvT21lbk9uUGVyZmVjdEVzc2VuY2VQcmVmaXgiLCJzY2FsZSI6MSwicmVhbG0iOiJwb2UyIn1d/75263d6201/OmenOnPerfectEssencePrefix.png,2026-09-14T18:13:19Z,us,
Omen of Sinistral Erasure,omen-of-sinistral-erasure,omen,divine,23.6,-1,981,https://web.poecdn.com/gen/image/WzI1LDE0LHsiZiI6IjJESXRlbXMvQ3VycmVuY3kvT21lbnMvVm9vZG9vT21lbnMyRGFyayIsInNjYWxlIjoxLCJyZWFsbSI6InBvZTIifV0/0cfa6959be/VoodooOmens2Dark.png,2026-09-14T18:13:19Z,us,
Omen of Sinistral Exaltation,omen-of-sinistral-exaltation,omen,divine,0.1328,+254,723,https://web.poecdn.com/gen/image/WzI1LDE0LHsiZiI6IjJESXRlbXMvQ3VycmVuY3kvT21lbnMvVm9vZG9vT21lbnMyWWVsbG93Iiwic2NhbGUiOjEsInJlYWxtIjoicG9lMiJ9XQ/6d316b47ee/VoodooOmens2Yellow.png,2026-09-14T18:13:19Z,us,
Omen of Whittling,omen-of-whittling,omen,divine,18.1,+56,,https://web.poecdn.com/gen/image/WzI1LDE0LHsiZiI6IjJESXRlbXMvQ3VycmVuY3kvT21lbnMvVm9vZG9vT21lbnMxRGFyayIsInNjYWxlIjoxLCJyZWFsbSI6InBvZTIifV0/2dea0999d5/VoodooOmens1Dark.png,2026-09-14T18:13:19Z,us,
Omen of the Ancients,omen-of-the-ancients,omen,divine,0.05495,+47,691,https://web.poecdn.com/gen/image/WzI1LDE0LHsiZiI6IjJESXRlbXMvQ3VycmVuY3kvT21lbnMvT21lbk9uQ2hhbmNlQW5jaWVudE9yYiIsInNjYWxlIjoxLCJyZWFsbSI6InBvZTIifV0/6392c12c6d/OmenOnChanceAncientOrb.png,2026-09-14T18:13:19Z,us,
Omen of the Blessed,omen-of-the-blessed,omen,divine,0.2915,-24,336,https://web.poecdn.com/gen/image/WzI1LDE0LHsiZiI6IjJESXRlbXMvQ3VycmVuY3kvT21lbnMvT21lbk9uRGl2aW5lUmVyb2xsSW1wbGljaXRzIiwic2NhbGUiOjEsInJlYWxtIjoicG9lMiJ9XQ/d910191d85/OmenOnDivineRerollImplicits.png,2026-09-14T18:13:19Z,us,
Omen of the Hunt,omen-of-the-hunt,omen,divine,1.9,+28,29,https://web.poecdn.com/gen/image/WzI1LDE0LHsiZiI6IjJESXRlbXMvQ3VycmVuY3kvT21lbnMvVm9vZG9vT21lbnM0R3JlZW4iLCJzY2FsZSI6MSwicmVhbG0iOiJwb2UyIn1d/4800eedd0e/VoodooOmens4Green.png,2026-09-14T18:13:19Z,us,
Essence of Alacrity,essence-of-alacrity,essence,exalted,140,+53,1,https://web.poecdn.com/gen/image/WzI1LDE0LHsiZiI6IjJESXRlbXMvQ3VycmVuY3kvRXNzZW5jZS9TcGVlZENhc3RlckVzc2VuY2UiLCJzY2FsZSI6MSwicmVhbG0iOiJwb2UyIn1d/2a866d411b/SpeedCasterEssence.png,2026-09-14T18:13:19Z,us,
Essence of Battle,essence-of-battle,essence,exalted,60,+25,1,https://web.poecdn.com/gen/image/WzI1LDE0LHsiZiI6IjJESXRlbXMvQ3VycmVuY3kvRXNzZW5jZS9BdHRhY2tFc3NlbmNlIiwic2NhbGUiOjEsInJlYWxtIjoicG9lMiJ9XQ/3cece29e19/AttackEssence.png,2026-09-14T18:13:19Z,us,
Essence of Command,essence-of-command,essence,divine,1,,1,https://web.poecdn.com/gen/image/WzI1LDE0LHsiZiI6IjJESXRlbXMvQ3VycmVuY3kvRXNzZW5jZS9BbGx5RXNzZW5jZSIsInNjYWxlIjoxLCJyZWFsbSI6InBvZTIifV0/7150f695c2/AllyEssence.png,2026-09-14T18:13:19Z,us,
Essence of Delirium,essence-of-delirium,essence,divine,1.26,-1,634,https://web.poecdn.com/gen/image/WzI1LDE0LHsiZiI6IjJESXRlbXMvQ3VycmVuY3kvRXNzZW5jZS9Db3JydXB0ZWRFc3NlbmNlRGVsaXJpdW0iLCJzY2FsZSI6MSwicmVhbG0iOiJwb2UyIn1d/d67329e6ed/CorruptedEssenceDelirium.png,2026-09-14T18:13:19Z,us,
Essence of Electricity,essence-of-electricity,essence,exalted,100,+152,1,https://web.poecdn.com/gen/image/WzI1LDE0LHsiZiI6IjJESXRlbXMvQ3VycmVuY3kvRXNzZW5jZS9MaWdodG5pbmdFc3NlbmNlIiwic2NhbGUiOjEsInJlYWxtIjoicG9lMiJ9XQ/2c3725fdad/LightningEssence.png,2026-09-14T18:13:19Z,us,
Essence of Enhancement,essence-of-enhancement,essence,exalted,220,+264,5,https://web.poecdn.com/gen/image/WzI1LDE0LHsiZiI6IjJESXRlbXMvQ3VycmVuY3kvRXNzZW5jZS9EZWZlbmNlc0Vzc2VuY2UiLCJzY2FsZSI6MSwicmVhbG0iOiJwb2UyIn1d/e1e5c1ccb8/DefencesEssence.png,2026-09-14T18:13:19Z,us,
Essence of Flames,essence-of-flames,essence,chaos,7,+426,1,https://web.poecdn.com/gen/image/WzI1LDE0LHsiZiI6IjJESXRlbXMvQ3VycmVuY3kvRXNzZW5jZS9GaXJlRXNzZW5jZSIsInNjYWxlIjoxLCJyZWFsbSI6InBvZTIifV0/add6c12f64/FireEssence.png,2026-09-14T18:13:19Z,us,
Essence of Haste,essence-of-haste,essence,exalted,1,+0,1,https://web.poecdn.com/gen/image/WzI1LDE0LHsiZiI6IjJESXRlbXMvQ3VycmVuY3kvRXNzZW5jZS9TcGVlZEVzc2VuY2UiLCJzY2FsZSI6MSwicmVhbG0iOiJwb2UyIn1d/affda36f07/SpeedEssence.png,2026-09-14T18:13:19Z,us,
Essence of Horror,essence-of-horror,essence,divine,0.5952,+51,62,https://web.poecdn.com/gen/image/WzI1LDE0LHsiZiI6IjJESXRlbXMvQ3VycmVuY3kvRXNzZW5jZS9Db3JydXB0ZWRFc3NlbmNlSG9ycm9yIiwic2NhbGUiOjEsInJlYWxtIjoicG9lMiJ9XQ/6b3b256279/CorruptedEssenceHorror.png,2026-09-14T18:13:19Z,us,
Essence of Hysteria,essence-of-hysteria,essence,divine,0.6803,+87,72,https://web.poecdn.com/gen/image/WzI1LDE0LHsiZiI6IjJESXRlbXMvQ3VycmVuY3kvRXNzZW5jZS9Db3JydXB0ZWRFc3NlbmNlSHlzdGVyaWEiLCJzY2FsZSI6MSwicmVhbG0iOiJwb2UyIn1d/91e94f1413/CorruptedEssenceHysteria.png,2026-09-14T18:13:19Z,us,
Essence of Insanity,essence-of-insanity,essence,exalted,8.02,-86,61,https://web.poecdn.com/gen/image/WzI1LDE0LHsiZiI6IjJESXRlbXMvQ3VycmVuY3kvRXNzZW5jZS9Db3JydXB0ZWRFc3NlbmNlSW5zYW5pdHkiLCJzY2FsZSI6MSwicmVhbG0iOiJwb2UyIn1d/2231419c93/CorruptedEssenceInsanity.png,2026-09-14T18:13:19Z,us,
Essence of Opulence,essence-of-opulence,essence,exalted,179,+1120,2,https://web.poecdn.com/gen/image/WzI1LDE0LHsiZiI6IjJESXRlbXMvQ3VycmVuY3kvRXNzZW5jZS9SYXJpdHlSZXNpc3RhbmNlRXNzZW5jZSIsInNjYWxlIjoxLCJyZWFsbSI6InBvZTIifV0/1b79acb619/RarityResistanceEssence.png,2026-09-14T18:13:19Z,us,
Essence of Ruin,essence-of-ruin,essence,exalted,30,+9,1,https://web.poecdn.com/gen/image/WzI1LDE0LHsiZiI6IjJESXRlbXMvQ3VycmVuY3kvRXNzZW5jZS9DaGFvc0Vzc2VuY2UiLCJzY2FsZSI6MSwicmVhbG0iOiJwb2UyIn1d/5f0d3c7014/ChaosEssence.png,2026-09-14T18:13:19Z,us,
Essence of Seeking,essence-of-seeking,essence,exalted,50,+98,1,https://web.poecdn.com/gen/image/WzI1LDE0LHsiZiI6IjJESXRlbXMvQ3VycmVuY3kvRXNzZW5jZS9Dcml0aWNhbEVzc2VuY2UiLCJzY2FsZSI6MSwicmVhbG0iOiJwb2UyIn1d/febf231da7/CriticalEssence.png,2026-09-14T18:13:19Z,us,
Essence of Sorcery,essence-of-sorcery,essence,chaos,3,,3,https://web.poecdn.com/gen/image/WzI1LDE0LHsiZiI6IjJESXRlbXMvQ3VycmVuY3kvRXNzZW5jZS9DYXN0ZXJFc3NlbmNlIiwic2NhbGUiOjEsInJlYWxtIjoicG9lMiJ9XQ/6bb099115a/CasterEssence.png,2026-09-14T18:13:19Z,us,
Essence of Thawing,essence-of-thawing,essence,exalted,0.5,-99,2,https://web.poecdn.com/gen/image/WzI1LDE0LHsiZiI6IjJESXRlbXMvQ3VycmVuY3kvRXNzZW5jZS9Db2xkUmVzaXN0YW5jZUVzc2VuY2UiLCJzY2FsZSI6MSwicmVhbG0iOiJwb2UyIn1d/d36e512699/ColdResistanceEssence.png,2026-09-14T18:13:19Z,us,
Essence of the Abyss,essence-of-the-abyss,essence,exalted,8.56,+57,420,https://web.poecdn.com/gen/image/WzI1LDE0LHsiZiI6IjJESXRlbXMvQ3VycmVuY3kvRXNzZW5jZS9BYnlzc2FsRXNzZW5jZSIsInNjYWxlIjoxLCJyZWFsbSI6InBvZTIifV0/3a286394d4/AbyssalEssence.png,2026-09-14T18:13:19Z,us,
Essence of the Body,essence-of-the-body,essence,exalted,18,+213,9,https://web.poecdn.com/gen/image/WzI1LDE0LHsiZiI6IjJESXRlbXMvQ3VycmVuY3kvRXNzZW5jZS9MaWZlRXNzZW5jZSIsInNjYWxlIjoxLCJyZWFsbSI6InBvZTIifV0/638d6c4cbe/LifeEssence.png,2026-09-14T18:13:19Z,us,
Essence of the Breach,essence-of-the-breach,essence,exalted,47.2,-62,246,https://web.poecdn.com/gen/image/WzI1LDE0LHsiZiI6IjJESXRlbXMvQ3VycmVuY3kvRXNzZW5jZS9CcmVhY2hFc3NlbmNlIiwic2NhbGUiOjEsInJlYWxtIjoicG9lMiJ9XQ/60e81fa5eb/BreachEssence.png,2026-09-14T18:13:19Z,us,
Essence of the Infinite,essence-of-the-infinite,essence,exalted,1,-99,1,https://web.poecdn.com/gen/image/WzI1LDE0LHsiZiI6IjJESXRlbXMvQ3VycmVuY3kvRXNzZW5jZS9BdHRyaWJ1dGVFc3NlbmNlIiwic2NhbGUiOjEsInJlYWxtIjoicG9lMiJ9XQ/58f9516082/AttributeEssence.png,2026-09-14T18:13:19Z,us,
Greater Essence of Abrasion,greater-essence-of-abrasion,essence,exalted,1.07,-43,179,https://web.poecdn.com/gen/image/WzI1LDE0LHsiZiI6IjJESXRlbXMvQ3VycmVuY3kvRXNzZW5jZS9HcmVhdGVyUGh5c2ljYWxFc3NlbmNlIiwic2NhbGUiOjEsInJlYWxtIjoicG9lMiJ9XQ/a28c932def/GreaterPhysicalEssence.png,2026-09-14T18:13:19Z,us,
Greater Essence of Alacrity,greater-essence-of-alacrity,essence,exalted,3.37,-16,30,https://web.poecdn.com/gen/image/WzI1LDE0LHsiZiI6IjJESXRlbXMvQ3VycmVuY3kvRXNzZW5jZS9HcmVhdGVyU3BlZWRDYXN0ZXJFc3NlbmNlIiwic2NhbGUiOjEsInJlYWxtIjoicG9lMiJ9XQ/b77c25162f/GreaterSpeedCasterEssence.png,2026-09-14T18:13:19Z,us,
Greater Essence of Battle,greater-essence-of-battle,essence,exalted,0.5,+0,2,https://web.poecdn.com/gen/image/WzI1LDE0LHsiZiI6IjJESXRlbXMvQ3VycmVuY3kvRXNzZW5jZS9HcmVhdGVyQXR0YWNrRXNzZW5jZSIsInNjYWxlIjoxLCJyZWFsbSI6InBvZTIifV0/e2bb5332b8/GreaterAttackEssence.png,2026-09-14T18:13:19Z,us,
Greater Essence of Command,greater-essence-of-command,essence,exalted,6.88,-0,17,https://web.poecdn.com/gen/image/WzI1LDE0LHsiZiI6IjJESXRlbXMvQ3VycmVuY3kvRXNzZW5jZS9HcmVhdGVyQWxseUVzc2VuY2UiLCJzY2FsZSI6MSwicmVhbG0iOiJwb2UyIn1d/55b6ba3361/GreaterAllyEssence.png,2026-09-14T18:13:19Z,us,
Greater Essence of Electricity,greater-essence-of-electricity,essence,divine,0.02222,+0,45,https://web.poecdn.com/gen/image/WzI1LDE0LHsiZiI6IjJESXRlbXMvQ3VycmVuY3kvRXNzZW5jZS9HcmVhdGVyTGlnaHRuaW5nRXNzZW5jZSIsInNjYWxlIjoxLCJyZWFsbSI6InBvZTIifV0/c6df464bb9/GreaterLightningEssence.png,2026-09-14T18:13:19Z,us,
Greater Essence of Enhancement,greater-essence-of-enhancement,essence,exalted,1.43,-58,96,https://web.poecdn.com/gen/image/WzI1LDE0LHsiZiI6IjJESXRlbXMvQ3VycmVuY3kvRXNzZW5jZS9HcmVhdGVyRGVmZW5jZXNFc3NlbmNlIiwic2NhbGUiOjEsInJlYWxtIjoicG9lMiJ9XQ/a0ed2df82c/GreaterDefencesEssence.png,2026-09-14T18:13:19Z,us,
Greater Essence of Flames,greater-essence-of-flames,essence,divine,0.08333,+124,12,https://web.poecdn.com/gen/image/WzI1LDE0LHsiZiI6IjJESXRlbXMvQ3VycmVuY3kvRXNzZW5jZS9HcmVhdGVyRmlyZUVzc2VuY2UiLCJzY2FsZSI6MSwicmVhbG0iOiJwb2UyIn1d/9b8d6e7b4e/GreaterFireEssence.png,2026-09-14T18:13:19Z,us,
Greater Essence of Grounding,greater-essence-of-grounding,essence,exalted,0.5618,-85,71,https://web.poecdn.com/gen/image/WzI1LDE0LHsiZiI6IjJESXRlbXMvQ3VycmVuY3kvRXNzZW5jZS9HcmVhdGVyTGlnaHRuaW5nUmVzaXN0YW5jZUVzc2VuY2UiLCJzY2FsZSI6MSwicmVhbG0iOiJwb2UyIn1d/fd9d91c76a/GreaterLightningResistanceEssence.png,2026-09-14T18:13:19Z,us,
Greater Essence of Haste,greater-essence-of-haste,essence,divine,0.06667,,75,https://web.poecdn.com/gen/image/WzI1LDE0LHsiZiI6IjJESXRlbXMvQ3VycmVuY3kvRXNzZW5jZS9HcmVhdGVyU3BlZWRFc3NlbmNlIiwic2NhbGUiOjEsInJlYWxtIjoicG9lMiJ9XQ/5a72f95c24/GreaterSpeedEssence.png,2026-09-14T18:13:19Z,us,
Greater Essence of Ice,greater-essence-of-ice,essence,exalted,0.8,+11,20,https://web.poecdn.com/gen/image/WzI1LDE0LHsiZiI6IjJESXRlbXMvQ3VycmVuY3kvRXNzZW5jZS9HcmVhdGVyQ29sZEVzc2VuY2UiLCJzY2FsZSI6MSwicmVhbG0iOiJwb2UyIn1d/e5224bace0/GreaterColdEssence.png,2026-09-14T18:13:19Z,us,
Greater Essence of Insulation,greater-essence-of-insulation,essence,exalted,2.68,-91,113,https://web.poecdn.com/gen/image/WzI1LDE0LHsiZiI6IjJESXRlbXMvQ3VycmVuY3kvRXNzZW5jZS9HcmVhdGVyRmlyZVJlc2lzdGFuY2VFc3NlbmNlIiwic2NhbGUiOjEsInJlYWxtIjoicG9lMiJ9XQ/e5b663f414/GreaterFireResistanceEssence.png,2026-09-14T18:13:19Z,us,
Greater Essence of Opulence,greater-essence-of-opulence,essence,exalted,9.92,-43,106,https://web.poecdn.com/gen/image/WzI1LDE0LHsiZiI6IjJESXRlbXMvQ3VycmVuY3kvRXNzZW5jZS9HcmVhdGVyUmFyaXR5UmVzaXN0YW5jZUVzc2VuY2UiLCJzY2FsZSI6MSwicmVhbG0iOiJwb2UyIn1d/dfc7c22676/GreaterRarityResistanceEssence.png,2026-09-14T18:13:19Z,us,
Greater Essence of Ruin,greater-essence-of-ruin,essence,exalted,22.9,+142,17,https://web.poecdn.com/gen/image/WzI1LDE0LHsiZiI6IjJESXRlbXMvQ3VycmVuY3kvRXNzZW5jZS9HcmVhdGVyQ2hhb3NFc3NlbmNlIiwic2NhbGUiOjEsInJlYWxtIjoicG9lMiJ9XQ/5c71ec7418/GreaterChaosEssence.png,2026-09-14T18:13:19Z,us,
Greater Essence of Seeking,greater-essence-of-seeking,essence,exalted,8.21,-32,29,https://web.poecdn.com/gen/image/WzI1LDE0LHsiZiI6IjJESXRlbXMvQ3VycmVuY3kvRXNzZW5jZS9HcmVhdGVyQ3JpdGljYWxFc3NlbmNlIiwic2NhbGUiOjEsInJlYWxtIjoicG9lMiJ9XQ/db4eadee00/GreaterCriticalEssence.png,2026-09-14T18:13:19Z,us,
Greater Essence of Sorcery,greater-essence-of-sorcery,essence,exalted,1.25,+88,4,https://web.poecdn.com/gen/image/WzI1LDE0LHsiZiI6IjJESXRlbXMvQ3VycmVuY3kvRXNzZW5jZS9HcmVhdGVyQ2FzdGVyRXNzZW5jZSIsInNjYWxlIjoxLCJyZWFsbSI6InBvZTIifV0/14b7e4c8ef/GreaterCasterEssence.png,2026-09-14T18:13:19Z,us,
Greater Essence of Thawing,greater-essence-of-thawing,essence,exalted,0.5348,-92,114,https://web.poecdn.com/gen/image/WzI1LDE0LHsiZiI6IjJESXRlbXMvQ3VycmVuY3kvRXNzZW5jZS9HcmVhdGVyQ29sZFJlc2lzdGFuY2VFc3NlbmNlIiwic2NhbGUiOjEsInJlYWxtIjoicG9lMiJ9XQ/acdbacca0f/GreaterColdResistanceEssence.png,2026-09-14T18:13:19Z,us,
Greater Essence of the Body,greater-essence-of-the-body,essence,exalted,0.4464,-55,101,https://web.poecdn.com/gen/image/WzI1LDE0LHsiZiI6IjJESXRlbXMvQ3VycmVuY3kvRXNzZW5jZS9HcmVhdGVyTGlmZUVzc2VuY2UiLCJzY2FsZSI6MSwicmVhbG0iOiJwb2UyIn1d/8906b401fe/GreaterLifeEssence.png,2026-09-14T18:13:19Z,us,
Greater Essence of the Infinite,greater-essence-of-the-infinite,essence,divine,0.06667,+97,15,https://web.poecdn.com/gen/image/WzI1LDE0LHsiZiI6IjJESXRlbXMvQ3VycmVuY3kvRXNzZW5jZS9HcmVhdGVyQXR0cmlidXRlRXNzZW5jZSIsInNjYWxlIjoxLCJyZWFsbSI6InBvZTIifV0/8a8cb823af/GreaterAttributeEssence.png,2026-09-14T18:13:19Z,us,
Greater Essence of the Mind,greater-essence-of-the-mind,essence,exalted,0.09524,+34,21,https://web.poecdn.com/gen/image/WzI1LDE0LHsiZiI6IjJESXRlbXMvQ3VycmVuY3kvRXNzZW5jZS9HcmVhdGVyTWFuYUVzc2VuY2UiLCJzY2FsZSI6MSwicmVhbG0iOiJwb2UyIn1d/f9e17e6d47/GreaterManaEssence.png,2026-09-14T18:13:19Z,us,
Lesser Essence of Abrasion,lesser-essence-of-abrasion,essence,exalted,1.33,-44,6,https://web.poecdn.com/gen/image/WzI1LDE0LHsiZiI6IjJESXRlbXMvQ3VycmVuY3kvRXNzZW5jZS9QaHlzaWNhbEVzc2VuY2VMZXNzZXIiLCJzY2FsZSI6MSwicmVhbG0iOiJwb2UyIn1d/21723a9133/PhysicalEssenceLesser.png,2026-09-14T18:13:19Z,us,
Lesser Essence of Alacrity,lesser-essence-of-alacrity,essence,chaos,2,-79,1,https://web.poecdn.com/gen/image/WzI1LDE0LHsiZiI6IjJESXRlbXMvQ3VycmVuY3kvRXNzZW5jZS9TcGVlZENhc3RlckVzc2VuY2VMZXNzZXIiLCJzY2FsZSI6MSwicmVhbG0iOiJwb2UyIn1d/837a9c2d66/SpeedCasterEssenceLesser.png,2026-09-14T18:13:19Z,us,
Lesser Essence of Battle,lesser-essence-of-battle,essence,chaos,9,+800,1,https://web.poecdn.com/gen/image/WzI1LDE0LHsiZiI6IjJESXRlbXMvQ3VycmVuY3kvRXNzZW5jZS9BdHRhY2tFc3NlbmNlTGVzc2VyIiwic2NhbGUiOjEsInJlYWxtIjoicG9lMiJ9XQ/7cff2d5df7/AttackEssenceLesser.png,2026-09-14T18:13:19Z,us,
Lesser Essence of Command,lesser-essence-of-command,essence,exalted,24,-21,4,https://web.poecdn.com/gen/image/WzI1LDE0LHsiZiI6IjJESXRlbXMvQ3VycmVuY3kvRXNzZW5jZS9BbGx5RXNzZW5jZUxlc3NlciIsInNjYWxlIjoxLCJyZWFsbSI6InBvZTIifV0/3681453df4/AllyEssenceLesser.png,2026-09-14T18:13:19Z,us,
Lesser Essence of Electricity,lesser-essence-of-electricity,essence,chaos,9,+500,1,https://web.poecdn.com/gen/image/WzI1LDE0LHsiZiI6IjJESXRlbXMvQ3VycmVuY3kvRXNzZW5jZS9MaWdodG5pbmdFc3NlbmNlTGVzc2VyIiwic2NhbGUiOjEsInJlYWxtIjoicG9lMiJ9XQ/49193c5226/LightningEssenceLesser.png,2026-09-14T18:13:19Z,us,
Lesser Essence of Enhancement,lesser-essence-of-enhancement,essence,chaos,0.5,-50,2,https://web.poecdn.com/gen/image/WzI1LDE0LHsiZiI6IjJESXRlbXMvQ3VycmVuY3kvRXNzZW5jZS9EZWZlbmNlc0Vzc2VuY2VMZXNzZXIiLCJzY2FsZSI6MSwicmVhbG0iOiJwb2UyIn1d/ec9da3aad1/DefencesEssenceLesser.png,2026-09-14T18:13:19Z,us,
Lesser Essence of Haste,lesser-essence-of-haste,essence,exalted,7.5,,2,https://web.poecdn.com/gen/image/WzI1LDE0LHsiZiI6IjJESXRlbXMvQ3VycmVuY3kvRXNzZW5jZS9TcGVlZEVzc2VuY2VMZXNzZXIiLCJzY2FsZSI6MSwicmVhbG0iOiJwb2UyIn1d/e01693a14c/SpeedEssenceLesser.png,2026-09-14T18:13:19Z,us,
Lesser Essence of Ice,lesser-essence-of-ice,essence,exalted,0.6667,-95,3,https://web.poecdn.com/gen/image/WzI1LDE0LHsiZiI6IjJESXRlbXMvQ3VycmVuY3kvRXNzZW5jZS9Db2xkRXNzZW5jZUxlc3NlciIsInNjYWxlIjoxLCJyZWFsbSI6InBvZTIifV0/7022aec9e5/ColdEssenceLesser.png,2026-09-14T18:13:19Z,us,
Lesser Essence of Opulence,lesser-essence-of-opulence,essence,divine,1,,1,https://web.poecdn.com/gen/image/WzI1LDE0LHsiZiI6IjJESXRlbXMvQ3VycmVuY3kvRXNzZW5jZS9SYXJpdHlSZXNpc3RhbmNlRXNzZW5jZUxlc3NlciIsInNjYWxlIjoxLCJyZWFsbSI6InBvZTIifV0/9d85275442/RarityResistanceEssenceLesser.png,2026-09-14T18:13:19Z,us,
Lesser Essence of Ruin,lesser-essence-of-ruin,essence,divine,1,,1,https://web.poecdn.com/gen/image/WzI1LDE0LHsiZiI6IjJESXRlbXMvQ3VycmVuY3kvRXNzZW5jZS9DaGFvc0Vzc2VuY2VMZXNzZXIiLCJzY2FsZSI6MSwicmVhbG0iOiJwb2UyIn1d/39ed21f57a/ChaosEssenceLesser.png,2026-09-14T18:13:19Z,us,
Lesser Essence of Sorcery,lesser-essence-of-sorcery,essence,exalted,0.5,+0,2,https://web.poecdn.com/gen/image/WzI1LDE0LHsiZiI6IjJESXRlbXMvQ3VycmVuY3kvRXNzZW5jZS9DYXN0ZXJFc3NlbmNlTGVzc2VyIiwic2NhbGUiOjEsInJlYWxtIjoicG9lMiJ9XQ/8b5c055fc7/CasterEssenceLesser.png,2026-09-14T18:13:19Z,us,
Lesser Essence of the Body,lesser-essence-of-the-body,essence,exalted,3.33,-75,3,https://web.poecdn.com/gen/image/WzI1LDE0LHsiZiI6IjJESXRlbXMvQ3VycmVuY3kvRXNzZW5jZS9MaWZlRXNzZW5jZUxlc3NlciIsInNjYWxlIjoxLCJyZWFsbSI6InBvZTIifV0/fb88bb3951/LifeEssenceLesser.png,2026-09-14T18:13:19Z,us,
Perfect Essence of Abrasion,perfect-essence-of-abrasion,essence,exalted,5.47,-52,125,https://web.poecdn.com/gen/image/WzI1LDE0LHsiZiI6IjJESXRlbXMvQ3VycmVuY3kvRXNzZW5jZS9QaHlzaWNhbEVzc2VuY2VQZXJmZWN0Iiwic2NhbGUiOjEsInJlYWxtIjoicG9lMiJ9XQ/9690e5eb39/PhysicalEssencePerfect.png,2026-09-14T18:13:19Z,us,
Perfect Essence of Alacrity,perfect-essence-of-alacrity,essence,exalted,8,+129,88,https://web.poecdn.com/gen/image/WzI1LDE0LHsiZiI6IjJESXRlbXMvQ3VycmVuY3kvRXNzZW5jZS9TcGVlZENhc3RlckVzc2VuY2VQZXJmZWN0Iiwic2NhbGUiOjEsInJlYWxtIjoicG9lMiJ9XQ/7108cba28f/SpeedCasterEssencePerfect.png,2026-09-14T18:13:19Z,us,
Perfect Essence of Battle,perfect-essence-of-battle,essence,exalted,4.23,-81,192,https://web.poecdn.com/gen/image/WzI1LDE0LHsiZiI6IjJESXRlbXMvQ3VycmVuY3kvRXNzZW5jZS9BdHRhY2tFc3NlbmNlUGVyZmVjdCIsInNjYWxlIjoxLCJyZWFsbSI6InBvZTIifV0/4e86ee5d8d/AttackEssencePerfect.png,2026-09-14T18:13:19Z,us,
Perfect Essence of Command,perfect-essence-of-command,essence,exalted,30.8,+2980,13,https://web.poecdn.com/gen/image/WzI1LDE0LHsiZiI6IjJESXRlbXMvQ3VycmVuY3kvRXNzZW5jZS9BbGx5RXNzZW5jZVBlcmZlY3QiLCJzY2FsZSI6MSwicmVhbG0iOiJwb2UyIn1d/0e06dceedc/AllyEssencePerfect.png,2026-09-14T18:13:19Z,us,
Perfect Essence of Electricity,perfect-essence-of-electricity,essence,exalted,2.09,-80,79,https://web.poecdn.com/gen/image/WzI1LDE0LHsiZiI6IjJESXRlbXMvQ3VycmVuY3kvRXNzZW5jZS9MaWdodG5pbmdFc3NlbmNlUGVyZmVjdCIsInNjYWxlIjoxLCJyZWFsbSI6InBvZTIifV0/8c53c73716/LightningEssencePerfect.png,2026-09-14T18:13:19Z,us,
Perfect Essence of Enhancement,perfect-essence-of-enhancement,essence,exalted,2.45,-66,129,https://web.poecdn.com/gen/image/WzI1LDE0LHsiZiI6IjJESXRlbXMvQ3VycmVuY3kvRXNzZW5jZS9EZWZlbmNlc0Vzc2VuY2VQZXJmZWN0Iiwic2NhbGUiOjEsInJlYWxtIjoicG9lMiJ9XQ/dd5b00f215/DefencesEssencePerfect.png,2026-09-14T18:13:19Z,us,
Perfect Essence of Flames,perfect-essence-of-flames,essence,exalted,1.8,+0,15,https://web.poecdn.com/gen/image/WzI1LDE0LHsiZiI6IjJESXRlbXMvQ3VycmVuY3kvRXNzZW5jZS9GaXJlRXNzZW5jZVBlcmZlY3QiLCJzY2FsZSI6MSwicmVhbG0iOiJwb2UyIn1d/d5669e7c9c/FireEssencePerfect.png,2026-09-14T18:13:19Z,us,
Perfect Essence of Grounding,perfect-essence-of-grounding,essence,exalted,2.47,+21,32,https://web.poecdn.com/gen/image/WzI1LDE0LHsiZiI6IjJESXRlbXMvQ3VycmVuY3kvRXNzZW5jZS9MaWdodG5pbmdSZXNpc3RhbmNlRXNzZW5jZVBlcmZlY3QiLCJzY2FsZSI6MSwicmVhbG0iOiJwb2UyIn1d/10c362c717/LightningResistanceEssencePerfect.png,2026-09-14T18:13:19Z,us,
Perfect Essence of Haste,perfect-essence-of-haste,essence,exalted,59.7,+442,96,https://web.poecdn.com/gen/image/WzI1LDE0LHsiZiI6IjJESXRlbXMvQ3VycmVuY3kvRXNzZW5jZS9TcGVlZEVzc2VuY2VQZXJmZWN0Iiwic2NhbGUiOjEsInJlYWxtIjoicG9lMiJ9XQ/93df0c5b25/SpeedEssencePerfect.png,2026-09-14T18:13:19Z,us,
Perfect Essence of Ice,perfect-essence-of-ice,essence,exalted,6.2,+145,5,https://web.poecdn.com/gen/image/WzI1LDE0LHsiZiI6IjJESXRlbXMvQ3VycmVuY3kvRXNzZW5jZS9Db2xkRXNzZW5jZVBlcmZlY3QiLCJzY2FsZSI6MSwicmVhbG0iOiJwb2UyIn1d/f4d0008973/ColdEssencePerfect.png,2026-09-14T18:13:19Z,us,
Perfect Essence of Insulation,perfect-essence-of-insulation,essence,exalted,2.7,-10,10,https://web.poecdn.com/gen/image/WzI1LDE0LHsiZiI6IjJESXRlbXMvQ3VycmVuY3kvRXNzZW5jZS9GaXJlUmVzaXN0YW5jZUVzc2VuY2VQZXJmZWN0Iiwic2NhbGUiOjEsInJlYWxtIjoicG9lMiJ9XQ/133d10b42e/FireResistanceEssencePerfect.png,2026-09-14T18:13:19Z,us,
Perfect Essence of Opulence,perfect-essence-of-opulence,essence,exalted,9.79,-16,77,https://web.poecdn.com/gen/image/WzI1LDE0LHsiZiI6IjJESXRlbXMvQ3VycmVuY3kvRXNzZW5jZS9SYXJpdHlSZXNpc3RhbmNlRXNzZW5jZVBlcmZlY3QiLCJzY2FsZSI6MSwicmVhbG0iOiJwb2UyIn1d/86dd0d0b4d/RarityResistanceEssencePerfect.png,2026-09-14T18:13:19Z,us,
Perfect Essence of Ruin,perfect-essence-of-ruin,essence,divine,0.5,+468,2,https://web.poecdn.com/gen/image/WzI1LDE0LHsiZiI6IjJESXRlbXMvQ3VycmVuY3kvRXNzZW5jZS9DaGFvc0Vzc2VuY2VQZXJmZWN0Iiwic2NhbGUiOjEsInJlYWxtIjoicG9lMiJ9XQ/ab17828e71/ChaosEssencePerfect.png,2026-09-14T18:13:19Z,us,
Perfect Essence of Seeking,perfect-essence-of-seeking,essence,divine,0.3125,+57,16,https://web.poecdn.com/gen/image/WzI1LDE0LHsiZiI6IjJESXRlbXMvQ3VycmVuY3kvRXNzZW5jZS9Dcml0aWNhbEVzc2VuY2VQZXJmZWN0Iiwic2NhbGUiOjEsInJlYWxtIjoicG9lMiJ9XQ/3d5125e9d6/CriticalEssencePerfect.png,2026-09-14T18:13:19Z,us,
Perfect Essence of Sorcery,perfect-essence-of-sorcery,essence,exalted,17.2,+336,26,https://web.poecdn.com/gen/image/WzI1LDE0LHsiZiI6IjJESXRlbXMvQ3VycmVuY3kvRXNzZW5jZS9DYXN0ZXJFc3NlbmNlUGVyZmVjdCIsInNjYWxlIjoxLCJyZWFsbSI6InBvZTIifV0/5aa3698010/CasterEssencePerfect.png,2026-09-14T18:13:19Z,us,
Perfect Essence of Thawing,perfect-essence-of-thawing,essence,exalted,1.79,-61,43,https://web.poecdn.com/gen/image/WzI1LDE0LHsiZiI6IjJESXRlbXMvQ3VycmVuY3kvRXNzZW5jZS9Db2xkUmVzaXN0YW5jZUVzc2VuY2VQZXJmZWN0Iiwic2NhbGUiOjEsInJlYWxtIjoicG9lMiJ9XQ/71b05376d6/ColdResistanceEssencePerfect.png,2026-09-14T18:13:19Z,us,
Perfect Essence of the Infinite,perfect-essence-of-the-infinite,essence,divine,0.07812,+32,102,https://web.poecdn.com/gen/image/WzI1LDE0LHsiZiI6IjJESXRlbXMvQ3VycmVuY3kvRXNzZW5jZS9BdHRyaWJ1dGVFc3NlbmNlUGVyZmVjdCIsInNjYWxlIjoxLCJyZWFsbSI6InBvZTIifV0/ed201cbcb3/AttributeEssencePerfect.png,2026-09-14T18:13:19Z,us,
Perfect Essence of the Mind,perfect-essence-of-the-mind,essence,exalted,6.3,+545,10,https://web.poecdn.com/gen/image/WzI1LDE0LHsiZiI6IjJESXRlbXMvQ3VycmVuY3kvRXNzZW5jZS9NYW5hRXNzZW5jZVBlcmZlY3QiLCJzY2FsZSI6MSwicmVhbG0iOiJwb2UyIn1d/84410174b2/ManaEssencePerfect.png,2026-09-14T18:13:19Z,us,
Adaptive Catalyst,adaptive-catalyst,catalyst,chaos,0.1515,-98,825,https://web.poecdn.com/gen/image/WzI1LDE0LHsiZiI6IjJESXRlbXMvQ3VycmVuY3kvQnJlYWNoL0JyZWFjaENhdGFseXN0QXR0cmlidXRlIiwic2NhbGUiOjEsInJlYWxtIjoicG9lMiJ9XQ/015f6c9ac8/BreachCatalystAttribute.png,2026-09-14T18:13:19Z,us,
Breach Splinter,breach-splinter,catalyst,exalted,0.1718,+45,,https://web.poecdn.com/gen/image/WzI1LDE0LHsiZiI6IjJESXRlbXMvQ3VycmVuY3kvQnJlYWNoL0JyZWFjaHN0b25lU3BsaW50ZXIiLCJzY2FsZSI6MSwicmVhbG0iOiJwb2UyIn1d/4abb17ea8e/BreachstoneSplinter.png,2026-09-14T18:13:19Z,us,
Breachlord Sac,breachlord-sac,catalyst,divine,14.8,+21,213,https://web.poecdn.com/gen/image/WzI1LDE0LHsiZiI6IjJESXRlbXMvUXVlc3RJdGVtcy9CcmVhY2hsb3JkU2FjIiwic2NhbGUiOjEsInJlYWxtIjoicG9lMiJ9XQ/07670f51fe/BreachlordSac.png,2026-09-14T18:13:19Z,us,
Breachstone,breachstone,catalyst,divine,1.61,+141,117,https://web.poecdn.com/gen/image/WzI1LDE0LHsiZiI6IjJESXRlbXMvQ3VycmVuY3kvQnJlYWNoL0JyZWFjaHN0b25lIiwic2NhbGUiOjEsInJlYWxtIjoicG9lMiJ9XQ/d60587d724/Breachstone.png,2026-09-14T18:13:19Z,us,
Carapace Catalyst,carapace-catalyst,catalyst,chaos,0.05714,+341,,https://web.poecdn.com/gen/image/WzI1LDE0LHsiZiI6IjJESXRlbXMvQ3VycmVuY3kvQnJlYWNoL0JyZWFjaENhdGFseXN0RGVmZW5jZXMiLCJzY2FsZSI6MSwicmVhbG0iOiJwb2UyIn1d/568ca70b04/BreachCatalystDefences.png,2026-09-14T18:13:19Z,us,
Chayula's Catalyst,chayulas-catalyst,catalyst,exalted,6.72,-97,195,https://web.poecdn.com/gen/image/WzI1LDE0LHsiZiI6IjJESXRlbXMvQ3VycmVuY3kvQnJlYWNoL0JyZWFjaENhdGFseXN0Q2hhb3MiLCJzY2FsZSI6MSwicmVhbG0iOiJwb2UyIn1d/c80d8d7b1b/BreachCatalystChaos.png,2026-09-14T18:13:19Z,us,
Esh's Catalyst,eshs-catalyst,catalyst,divine,0.1209,-34,910,https://web.poecdn.com/gen/image/WzI1LDE0LHsiZiI6IjJESXRlbXMvQ3VycmVuY3kvQnJlYWNoL0JyZWFjaENhdGFseXN0TGlnaHRuaW5nIiwic2NhbGUiOjEsInJlYWxtIjoicG9lMiJ9XQ/299e62fc33/BreachCatalystLightning.png,2026-09-14T18:13:19Z,us,
Flesh Catalyst,flesh-catalyst,catalyst,divine,0.02203,+38,954,https://web.poecdn.com/gen/image/WzI1LDE0LHsiZiI6IjJESXRlbXMvQ3VycmVuY3kvQnJlYWNoL0JyZWFjaENhdGFseXN0TGlmZSIsInNjYWxlIjoxLCJyZWFsbSI6InBvZTIifV0/06ec489870/BreachCatalystLife.png,2026-09-14T18:13:19Z,us,
Necrotic Catalyst,necrotic-catalyst,catalyst,divine,0.0565,-93,,https://web.poecdn.com/gen/image/WzI1LDE0LHsiZiI6IjJESXRlbXMvQ3VycmVuY3kvQnJlYWNoL0JyZWFjaENhdGFseXN0TmVjcm90aWMiLCJzY2FsZSI6MSwicmVhbG0iOiJwb2UyIn1d/5e20b43820/BreachCatalystNecrotic.png,2026-09-14T18:13:19Z,us,
Neural Catalyst,neural-catalyst,catalyst,divine,0.09009,+161,,https://web.poecdn.com/gen/image/WzI1LDE0LHsiZiI6IjJESXRlbXMvQ3VycmVuY3kvQnJlYWNoL0JyZWFjaENhdGFseXN0TWFuYSIsInNjYWxlIjoxLCJyZWFsbSI6InBvZTIifV0/61d3a7a832/BreachCatalystMana.png,2026-09-14T18:13:19Z,us,
Reaver Catalyst,reaver-catalyst,catalyst,divine,0.8264,+149,,https://web.poecdn.com/gen/image/WzI1LDE0LHsiZiI6IjJESXRlbXMvQ3VycmVuY3kvQnJlYWNoL0JyZWFjaENhdGFseXN0QXR0YWNrIiwic2NhbGUiOjEsInJlYWxtIjoicG9lMiJ9XQ/ccc363f502/BreachCatalystAttack.png,2026-09-14T18:13:19Z,us,
Refined Adaptive Catalyst,refined-adaptive-catalyst,catalyst,divine,0.2457,-4,273,https://web.poecdn.com/gen/image/WzI1LDE0LHsiZiI6IjJESXRlbXMvQ3VycmVuY3kvQnJlYWNoL0pld2VsQ2F0YWx5c3RBdHRyaWJ1dGUiLCJzY2FsZSI6MSwicmVhbG0iOiJwb2UyIn1d/6fba81f1c7/JewelCatalystAttribute.png,2026-09-14T18:13:19Z,us,
Refined Carapace Catalyst,refined-carapace-catalyst,catalyst,divine,0.4545,+16,660,https://web.poecdn.com/gen/image/WzI1LDE0LHsiZiI6IjJESXRlbXMvQ3VycmVuY3kvQnJlYWNoL0pld2VsQ2F0YWx5c3REZWZlbmNlcyIsInNjYWxlIjoxLCJyZWFsbSI6InBvZTIifV0/a4d02de8e3/JewelCatalystDefences.png,2026-09-14T18:13:19Z,us,
Refined Chayula's Catalyst,refined-chayulas-catalyst,catalyst,divine,0.3636,-13,77,https://web.poecdn.com/gen/image/WzI1LDE0LHsiZiI6IjJESXRlbXMvQ3VycmVuY3kvQnJlYWNoL0pld2VsQ2F0YWx5c3RDaGFvcyIsInNjYWxlIjoxLCJyZWFsbSI6InBvZTIifV0/162124aa67/JewelCatalystChaos.png,2026-09-14T18:13:19Z,us,
Refined Esh's Catalyst,refined-eshs-catalyst,catalyst,divine,0.4739,+172,184,https://web.poecdn.com/gen/image/WzI1LDE0LHsiZiI6IjJESXRlbXMvQ3VycmVuY3kvQnJlYWNoL0pld2VsQ2F0YWx5c3RMaWdodG5pbmciLCJzY2FsZSI6MSwicmVhbG0iOiJwb2UyIn1d/55ca761293/JewelCatalystLightning.png,2026-09-14T18:13:19Z,us,
Refined Flesh Catalyst,refined-flesh-catalyst,catalyst,divine,0.2941,+24,496,https://web.poecdn.com/gen/image/WzI1LDE0LHsiZiI6IjJESXRlbXMvQ3VycmVuY3kvQnJlYWNoL0pld2VsQ2F0YWx5c3RMaWZlIiwic2NhbGUiOjEsInJlYWxtIjoicG9lMiJ9XQ/b210729498/JewelCatalystLife.png,2026-09-14T18:13:19Z,us,
Refined Necrotic Catalyst,refined-necrotic-catalyst,catalyst,divine,1.19,+10,335,https://web.poecdn.com/gen/image/WzI1LDE0LHsiZiI6IjJESXRlbXMvQ3VycmVuY3kvQnJlYWNoL0pld2VsQ2F0YWx5c3ROZWNyb3RpYyIsInNjYWxlIjoxLCJyZWFsbSI6InBvZTIifV0/4e691d8472/JewelCatalystNecrotic.png,2026-09-14T18:13:19Z,us,
Refined Neural Catalyst,refined-neural-catalyst,catalyst,divine,0.2597,-6,281,https://web.poecdn.com/gen/image/WzI1LDE0LHsiZiI6IjJESXRlbXMvQ3VycmVuY3kvQnJlYWNoL0pld2VsQ2F0YWx5c3RNYW5hIiwic2NhbGUiOjEsInJlYWxtIjoicG9lMiJ9XQ/141d460ed9/JewelCatalystMana.png,2026-09-14T18:13:19Z,us,
Refined Reaver Catalyst,refined-reaver-catalyst,catalyst,divine,11.1,-2,400,https://web.poecdn.com/gen/image/WzI1LDE0LHsiZiI6IjJESXRlbXMvQ3VycmVuY3kvQnJlYWNoL0pld2VsQ2F0YWx5c3RBdHRhY2siLCJzY2FsZSI6MSwicmVhbG0iOiJwb2UyIn1d/9c13494ea8/JewelCatalystAttack.png,2026-09-14T18:13:19Z,us,
Refined Sibilant Catalyst,refined-sibilant-catalyst,catalyst,divine,13.6,+4,464,https://web.poecdn.com/gen/image/WzI1LDE0LHsiZiI6IjJESXRlbXMvQ3VycmVuY3kvQnJlYWNoL0pld2VsQ2F0YWx5c3RDYXN0ZXIiLCJzY2FsZSI6MSwicmVhbG0iOiJwb2UyIn1d/280306d9e0/JewelCatalystCaster.png,2026-09-14T18:13:19Z,us,
Refined Skittering Catalyst,refined-skittering-catalyst,catalyst,exalted,87.6,-51,35,https://web.poecdn.com/gen/image/WzI1LDE0LHsiZiI6IjJESXRlbXMvQ3VycmVuY3kvQnJlYWNoL0pld2VsQ2F0YWx5c3RTcGVlZCIsInNjYWxlIjoxLCJyZWFsbSI6InBvZTIifV0/680cbc13b1/JewelCatalystSpeed.png,2026-09-14T18:13:19Z,us,
Refined Tul's Catalyst,refined-tuls-catalyst,catalyst,divine,0.3636,-4,231,https://web.poecdn.com/gen/image/WzI1LDE0LHsiZiI6IjJESXRlbXMvQ3VycmVuY3kvQnJlYWNoL0pld2VsQ2F0YWx5c3RDb2xkIiwic2NhbGUiOjEsInJlYWxtIjoicG9lMiJ9XQ/1b256097c6/JewelCatalystCold.png,2026-09-14T18:13:19Z,us,
Refined Uul-Netol's Catalyst,refined-uul-netols-catalyst,catalyst,divine,1.88,+673,132,https://web.poecdn.com/gen/image/WzI1LDE0LHsiZiI6IjJESXRlbXMvQ3VycmVuY3kvQnJlYWNoL0pld2VsQ2F0YWx5c3RQaHlzaWNhbCIsInNjYWxlIjoxLCJyZWFsbSI6InBvZTIifV0/af62c7f7d8/JewelCatalystPhysical.png,2026-09-14T18:13:19Z,us,
Refined Xoph's Catalyst,refined-xophs-catalyst,catalyst,divine,0.6329,-28,234,https://web.poecdn.com/gen/image/WzI1LDE0LHsiZiI6IjJESXRlbXMvQ3VycmVuY3kvQnJlYWNoL0pld2VsQ2F0YWx5c3RGaXJlIiwic2NhbGUiOjEsInJlYWxtIjoicG9lMiJ9XQ/d584c5922b/JewelCatalystFire.png,2026-09-14T18:13:19Z,us,
Sibilant Catalyst,sibilant-catalyst,catalyst,divine,0.266,+104,,https://web.poecdn.com/gen/image/WzI1LDE0LHsiZiI6IjJESXRlbXMvQ3VycmVuY3kvQnJlYWNoL0JyZWFjaENhdGFseXN0Q2FzdGVyIiwic2NhbGUiOjEsInJlYWxtIjoicG9lMiJ9XQ/51dc6bc317/BreachCatalystCaster.png,2026-09-14T18:13:19Z,us,
Skittering Catalyst,skittering-catalyst,catalyst,chaos,2.46,+61,203,https://web.poecdn.com/gen/image/WzI1LDE0LHsiZiI6IjJESXRlbXMvQ3VycmVuY3kvQnJlYWNoL0JyZWFjaENhdGFseXN0U3BlZWQiLCJzY2FsZSI6MSwicmVhbG0iOiJwb2UyIn1d/14b5db3c3c/BreachCatalystSpeed.png,2026-09-14T18:13:19Z,us,
Tul's Catalyst,tuls-catalyst,catalyst,divine,0.09615,-64,758,https://web.poecdn.com/gen/image/WzI1LDE0LHsiZiI6IjJESXRlbXMvQ3VycmVuY3kvQnJlYWNoL0JyZWFjaENhdGFseXN0Q29sZCIsInNjYWxlIjoxLCJyZWFsbSI6InBvZTIifV0/c3bc9abf43/BreachCatalystCold.png,2026-09-14T18:13:19Z,us,
Uul-Netol's Catalyst,uul-netols-catalyst,catalyst,divine,0.01862,+0,,https://web.poecdn.com/gen/image/WzI1LDE0LHsiZiI6IjJESXRlbXMvQ3VycmVuY3kvQnJlYWNoL0JyZWFjaENhdGFseXN0UGh5c2ljYWwiLCJzY2FsZSI6MSwicmVhbG0iOiJwb2UyIn1d/bc9406c106/BreachCatalystPhysical.png,2026-09-14T18:13:19Z,us,
Xoph's Catalyst,xophs-catalyst,catalyst,divine,0.08264,-28,,https://web.poecdn.com/gen/image/WzI1LDE0LHsiZiI6IjJESXRlbXMvQ3VycmVuY3kvQnJlYWNoL0JyZWFjaENhdGFseXN0RmlyZSIsInNjYWxlIjoxLCJyZWFsbSI6InBvZTIifV0/05b1999374/BreachCatalystFire.png,2026-09-14T18:13:19Z,us,
Ancient Crisis Fragment,ancient-crisis-fragment,fragment,divine,1.56,+58,617,https://web.poecdn.com/gen/image/WzI1LDE0LHsiZiI6IjJESXRlbXMvUXVlc3RJdGVtcy9QaW5uYWNsZUtleTEiLCJzY2FsZSI6MSwicmVhbG0iOiJwb2UyIn1d/ef329c74d1/PinnacleKey1.png,2026-09-14T18:13:19Z,us,
Call of the Shadows,call-of-the-shadows,fragment,divine,0.4808,+37,,https://web.poecdn.com/gen/image/WzI1LDE0LHsiZiI6IjJESXRlbXMvQ3VycmVuY3kvUml0dWFsL1JpdHVhbEVmZmlneVBpZWNlcyIsInNjYWxlIjoxLCJyZWFsbSI6InBvZTIifV0/6fb287c8f4/RitualEffigyPieces.png,2026-09-14T18:13:19Z,us,
Cowardly Fate,cowardly-fate,fragment,divine,4.71,-21,740,https://web.poecdn.com/gen/image/WzI1LDE0LHsiZiI6IjJESXRlbXMvQ3VycmVuY3kvU291bENvcmVzL1RyaWFsbWFzdGVyS2V5MSIsInNjYWxlIjoxLCJyZWFsbSI6InBvZTIifV0/661ab60074/TrialmasterKey1.png,2026-09-14T18:13:19Z,us,
Deadly Fate,deadly-fate,fragment,divine,4.73,-27,743,https://web.poecdn.com/gen/image/WzI1LDE0LHsiZiI6IjJESXRlbXMvQ3VycmVuY3kvU291bENvcmVzL1RyaWFsbWFzdGVyS2V5MiIsInNjYWxlIjoxLCJyZWFsbSI6InBvZTIifV0/cccae44832/TrialmasterKey2.png,2026-09-14T18:13:19Z,us,
Faded Crisis Fragment,faded-crisis-fragment,fragment,divine,5.86,-32,476,https://web.poecdn.com/gen/image/WzI1LDE0LHsiZiI6IjJESXRlbXMvUXVlc3RJdGVtcy9QaW5uYWNsZUtleTIiLCJzY2FsZSI6MSwicmVhbG0iOiJwb2UyIn1d/5709c39ee7/PinnacleKey2.png,2026-09-14T18:13:19Z,us,
Olroth's Reliquary Key,olroths-reliquary-key,fragment,divine,34.3,-41,4,https://web.poecdn.com/gen/image/WzI1LDE0LHsiZiI6IjJESXRlbXMvTWFwcy9Ud2lsaWdodE9yZGVyUmVsaXF1YXJ5S2V5RXhwZWRpdGlvbiIsInNjYWxlIjoxLCJyZWFsbSI6InBvZTIifV0/0433c7beb8/TwilightOrderReliquaryKeyExpedition.png,2026-09-14T18:13:19Z,us,
Origin Core,origin-core,fragment,divine,13.6,-6,266,https://web.poecdn.com/gen/image/WzI1LDE0LHsiZiI6IjJESXRlbXMvQ3VycmVuY3kvUHJlY3Vyc29yU2VlZEVnZ0NvbWJpbmVkIiwic2NhbGUiOjEsInJlYWxtIjoicG9lMiJ9XQ/789160e327/PrecursorSeedEggCombined.png,2026-09-14T18:13:19Z,us,
Origin Cradle,origin-cradle,fragment,divine,4.84,+10,345,https://web.poecdn.com/gen/image/WzI1LDE0LHsiZiI6IjJESXRlbXMvQ3VycmVuY3kvUHJlY3Vyc29yRWdnIiwic2NhbGUiOjEsInJlYWxtIjoicG9lMiJ9XQ/c386e361d1/PrecursorEgg.png,2026-09-14T18:13:19Z,us,
Origin Spark,origin-spark,fragment,divine,5.76,-17,338,https://web.poecdn.com/gen/image/WzI1LDE0LHsiZiI6IjJESXRlbXMvQ3VycmVuY3kvUHJlY3Vyc29yU2VlZCIsInNjYWxlIjoxLCJyZWFsbSI6InBvZTIifV0/550527bcd4/PrecursorSeed.png,2026-09-14T18:13:19Z,us,
Ritualistic Reliquary Key,ritualistic-reliquary-key,fragment,divine,21.3,+240,6,https://web.poecdn.com/gen/image/WzI1LDE0LHsiZiI6IjJESXRlbXMvTWFwcy9Ud2lsaWdodE9yZGVyUmVsaXF1YXJ5S2V5Uml0dWFsIiwic2NhbGUiOjEsInJlYWxtIjoicG9lMiJ9XQ/d4d4229ab8/TwilightOrderReliquaryKeyRitual.png,2026-09-14T18:13:19Z,us,
Tangmazu's Reliquary Key,tangmazus-reliquary-key,fragment,divine,29.7,+50,3,https://web.poecdn.com/gen/image/WzI1LDE0LHsiZiI6IjJESXRlbXMvTWFwcy9Ud2lsaWdodE9yZGVyUmVsaXF1YXJ5S2V5RGVsaXJpdW0iLCJzY2FsZSI6MSwicmVhbG0iOiJwb2UyIn1d/1a87e735c6/TwilightOrderReliquaryKeyDelirium.png,2026-09-14T18:13:19Z,us,
The Arbiter's Reliquary Key,the-arbiters-reliquary-key,fragment,divine,65.5,+337,4,https://web.poecdn.com/gen/image/WzI1LDE0LHsiZiI6IjJESXRlbXMvTWFwcy9Ud2lsaWdodE9yZGVyUmVsaXF1YXJ5S2V5UGlubmFjbGUiLCJzY2FsZSI6MSwicmVhbG0iOiJwb2UyIn1d/c2e7758a33/TwilightOrderReliquaryKeyPinnacle.png,2026-09-14T18:13:19Z,us,
The Trialmaster's Reliquary Key,the-trialmasters-reliquary-key,fragment,divine,394,+25,8,https://web.poecdn.com/gen/image/WzI1LDE0LHsiZiI6IjJESXRlbXMvTWFwcy9Ud2lsaWdodE9yZGVyUmVsaXF1YXJ5S2V5VWx0aW1hdHVtIiwic2NhbGUiOjEsInJlYWxtIjoicG9lMiJ9XQ/92ccd5ad96/TwilightOrderReliquaryKeyUltimatum.png,2026-09-14T18:13:19Z,us,
Twilight Reliquary Key,twilight-reliquary-key,fragment,exalted,6.97,-23,553,https://web.poecdn.com/gen/image/WzI1LDE0LHsiZiI6IjJESXRlbXMvTWFwcy9Ud2lsaWdodE9yZGVyUmVsaXF1YXJ5S2V5V29ybGQiLCJzY2FsZSI6MSwicmVhbG0iOiJwb2UyIn1d/27f2d492e7/TwilightOrderReliquaryKeyWorld.png,2026-09-14T18:13:19Z,us,
Victorious Fate,victorious-fate,fragment,divine,5.04,-19,769,https://web.poecdn.com/gen/image/WzI1LDE0LHsiZiI6IjJESXRlbXMvQ3VycmVuY3kvU291bENvcmVzL1RyaWFsbWFzdGVyS2V5MyIsInNjYWxlIjoxLCJyZWFsbSI6InBvZTIifV0/0270951a73/TrialmasterKey3.png,2026-09-14T18:13:19Z,us,
Weathered Crisis Fragment,weathered-crisis-fragment,fragment,divine,0.5155,+11,486,https://web.poecdn.com/gen/image/WzI1LDE0LHsiZiI6IjJESXRlbXMvUXVlc3RJdGVtcy9QaW5uYWNsZUtleTMiLCJzY2FsZSI6MSwicmVhbG0iOiJwb2UyIn1d/32e6544250/PinnacleKey3.png,2026-09-14T18:13:19Z,us,
Xesht's Reliquary Key,xeshts-reliquary-key,fragment,divine,100,+84,1,https://web.poecdn.com/gen/image/WzI1LDE0LHsiZiI6IjJESXRlbXMvTWFwcy9Ud2lsaWdodE9yZGVyUmVsaXF1YXJ5S2V5QnJlYWNoIiwic2NhbGUiOjEsInJlYWxtIjoicG9lMiJ9XQ/866c9d5c45/TwilightOrderReliquaryKeyBreach.png,2026-09-14T18:13:19Z,us,
Zarokh's Reliquary Key: Against the Darkness,against-the-darkness,fragment,divine,300,+50,1,https://web.poecdn.com/gen/image/WzI1LDE0LHsiZiI6IjJESXRlbXMvTWFwcy9Ud2lsaWdodE9yZGVyUmVsaXF1YXJ5S2V5U2FuY3R1bTIiLCJzY2FsZSI6MSwicmVhbG0iOiJwb2UyIn1d/a9e91de8f5/TwilightOrderReliquaryKeySanctum2.png,2026-09-14T18:13:19Z,us,
Atmohua's Soul Core of Retreat,atmohuas-soul-core-of-retreat,soul_core,exalted,3.14,-66,28,https://web.poecdn.com/gen/image/WzI1LDE0LHsiZiI6IjJESXRlbXMvQ3VycmVuY3kvU291bENvcmVzL05ld1NvdWxDb3JlRW5lcmd5U2hpZWxkIiwic2NhbGUiOjEsInJlYWxtIjoicG9lMiJ9XQ/10e16bc3ea/NewSoulCoreEnergyShield.png,2026-09-14T18:13:19Z,us,
Cholotl's Soul Core of War,cholotls-soul-core-of-war,soul_core,exalted,9,+6,11,https://web.poecdn.com/gen/image/WzI1LDE0LHsiZiI6IjJESXRlbXMvQ3VycmVuY3kvU291bENvcmVzL05ld1NvdWxDb3JlUHJvamVjdGlsZSIsInNjYWxlIjoxLCJyZWFsbSI6InBvZTIifV0/dfc35bed7f/NewSoulCoreProjectile.png,2026-09-14T18:13:19Z,us,
Citaqualotl's Soul Core of Foulness,citaqualotls-soul-core-of-foulness,soul_core,exalted,14.4,-27,7,https://web.poecdn.com/gen/image/WzI1LDE0LHsiZiI6IjJESXRlbXMvQ3VycmVuY3kvU291bENvcmVzL05ld1NvdWxDb3JlQ2hhb3MyIiwic2NhbGUiOjEsInJlYWxtIjoicG9lMiJ9XQ/002059f8f5/NewSoulCoreChaos2.png,2026-09-14T18:13:19Z,us,
Estazunti's Soul Core of Convalescence,estazuntis-soul-core-of-convalescence,soul_core,exalted,37.2,-6,13,https://web.poecdn.com/gen/image/WzI1LDE0LHsiZiI6IjJESXRlbXMvQ3VycmVuY3kvU291bENvcmVzL05ld1NvdWxDb3JlVGltZVNsb3ciLCJzY2FsZSI6MSwicmVhbG0iOiJwb2UyIn1d/c32a5b3a47/NewSoulCoreTimeSlow.png,2026-09-14T18:13:19Z,us,
Guatelitzi's Soul Core of Endurance,guatelitzis-soul-core-of-endurance,soul_core,chaos,6.33,+25,3,https://web.poecdn.com/gen/image/WzI1LDE0LHsiZiI6IjJESXRlbXMvQ3VycmVuY3kvU291bENvcmVzL05ld1NvdWxDb3JlRW5kdXJhbmNlQ2hhcmdlIiwic2NhbGUiOjEsInJlYWxtIjoicG9lMiJ9XQ/8da8c1e799/NewSoulCoreEnduranceCharge.png,2026-09-14T18:13:19Z,us,
Hayoxi's Soul Core of Heatproofing,hayoxis-soul-core-of-heatproofing,soul_core,divine,0.158,+50,19,https://web.poecdn.com/gen/image/WzI1LDE0LHsiZiI6IjJESXRlbXMvQ3VycmVuY3kvU291bENvcmVzL05ld1NvdWxDb3JlSWNlIiwic2NhbGUiOjEsInJlYWxtIjoicG9lMiJ9XQ/6d8455bff0/NewSoulCoreIce.png,2026-09-14T18:13:19Z,us,
Opiloti's Soul Core of Assault,opilotis-soul-core-of-assault,soul_core,divine,0.6667,-33,9,https://web.poecdn.com/gen/image/WzI1LDE0LHsiZiI6IjJESXRlbXMvQ3VycmVuY3kvU291bENvcmVzL05ld1NvdWxDb3JlRnJlbnp5Q2hhcmdlIiwic2NhbGUiOjEsInJlYWxtIjoicG9lMiJ9XQ/ce5c1bdfdc/NewSoulCoreFrenzyCharge.png,2026-09-14T18:13:19Z,us,
Quipolatl's Soul Core of Flow,quipolatls-soul-core-of-flow,soul_core,exalted,4.71,-81,14,https://web.poecdn.com/gen/image/WzI1LDE0LHsiZiI6IjJESXRlbXMvQ3VycmVuY3kvU291bENvcmVzL05ld1NvdWxDb3JlVGltZUNvb2xkb3duIiwic2NhbGUiOjEsInJlYWxtIjoicG9lMiJ9XQ/dab6d943f3/NewSoulCoreTimeCooldown.png,2026-09-14T18:13:19Z,us,
Soul Core of Atmohua,soul-core-of-atmohua,soul_core,exalted,21.6,+138,17,https://web.poecdn.com/gen/image/WzI1LDE0LHsiZiI6IjJESXRlbXMvQ3VycmVuY3kvU291bENvcmVzL0dyZWF0ZXJTb3VsQ29yZVN0cmVuZ3RoIiwic2NhbGUiOjEsInJlYWxtIjoicG9lMiJ9XQ/1b37135049/GreaterSoulCoreStrength.png,2026-09-14T18:13:19Z,us,
Soul Core of Azcapa,soul-core-of-azcapa,soul_core,divine,2.5,+43,50,https://web.poecdn.com/gen/image/WzI1LDE0LHsiZiI6IjJESXRlbXMvQ3VycmVuY3kvU291bENvcmVzL0dyZWF0ZXJTb3VsQ29yZVdlYWx0aFJhcml0eSIsInNjYWxlIjoxLCJyZWFsbSI6InBvZTIifV0/6a69033a04/GreaterSoulCoreWealthRarity.png,2026-09-14T18:13:19Z,us,
Soul Core of Cholotl,soul-core-of-cholotl,soul_core,exalted,132,+261,28,https://web.poecdn.com/gen/image/WzI1LDE0LHsiZiI6IjJESXRlbXMvQ3VycmVuY3kvU291bENvcmVzL0dyZWF0ZXJTb3VsQ29yZURleCIsInNjYWxlIjoxLCJyZWFsbSI6InBvZTIifV0/c732c8a579/GreaterSoulCoreDex.png,2026-09-14T18:13:19Z,us,
Soul Core of Citaqualotl,soul-core-of-citaqualotl,soul_core,exalted,49.7,+133,170,https://web.poecdn.com/gen/image/WzI1LDE0LHsiZiI6IjJESXRlbXMvQ3VycmVuY3kvU291bENvcmVzL0dyZWF0ZXJTb3VsQ29yZUVsZW1lbnRhbFJlc2lzdCIsInNjYWxlIjoxLCJyZWFsbSI6InBvZTIifV0/b8926e8826/GreaterSoulCoreElementalResist.png,2026-09-14T18:13:19Z,us,
Soul Core of Jiquani,soul-core-of-jiquani,soul_core,exalted,85.5,-96,42,https://web.poecdn.com/gen/image/WzI1LDE0LHsiZiI6IjJESXRlbXMvQ3VycmVuY3kvU291bENvcmVzL0dyZWF0ZXJTb3VsQ29yZUxpZmUiLCJzY2FsZSI6MSwicmVhbG0iOiJwb2UyIn1d/bb83a9f337/GreaterSoulCoreLife.png,2026-09-14T18:13:19Z,us,
Soul Core of Opiloti,soul-core-of-opiloti,soul_core,chaos,0.5,+199,8,https://web.poecdn.com/gen/image/WzI1LDE0LHsiZiI6IjJESXRlbXMvQ3VycmVuY3kvU291bENvcmVzL0dyZWF0ZXJTb3VsQ29yZVBoeXNpY2FsIiwic2NhbGUiOjEsInJlYWxtIjoicG9lMiJ9XQ/366f87b8f2/GreaterSoulCorePhysical.png,2026-09-14T18:13:19Z,us,
Soul Core of Puhuarte,soul-core-of-puhuarte,soul_core,exalted,21.9,+334,7,https://web.poecdn.com/gen/image/WzI1LDE0LHsiZiI6IjJESXRlbXMvQ3VycmVuY3kvU291bENvcmVzL0dyZWF0ZXJTb3VsQ29yZUZpcmUiLCJzY2FsZSI6MSwicmVhbG0iOiJwb2UyIn1d/6390ebeaa6/GreaterSoulCoreFire.png,2026-09-14T18:13:19Z,us,
Soul Core of Quipolatl,soul-core-of-quipolatl,soul_core,divine,0.7519,+19,69,https://web.poecdn.com/gen/image/WzI1LDE0LHsiZiI6IjJESXRlbXMvQ3VycmVuY3kvU291bENvcmVzL0dyZWF0ZXJTb3VsQ29yZVNwZWVkIiwic2NhbGUiOjEsInJlYWxtIjoicG9lMiJ9XQ/d4967ad0f1/GreaterSoulCoreSpeed.png,2026-09-14T18:13:19Z,us,
Soul Core of Tacati,soul-core-of-tacati,soul_core,exalted,19.2,+28,174,https://web.poecdn.com/gen/image/WzI1LDE0LHsiZiI6IjJESXRlbXMvQ3VycmVuY3kvU291bENvcmVzL0dyZWF0ZXJTb3VsQ29yZUNoYW9zIiwic2NhbGUiOjEsInJlYWxtIjoicG9lMiJ9XQ/cd9c4fb0a7/GreaterSoulCoreChaos.png,2026-09-14T18:13:19Z,us,
Soul Core of Ticaba,soul-core-of-ticaba,soul_core,exalted,73.9,+918,18,https://web.poecdn.com/gen/image/WzI1LDE0LHsiZiI6IjJESXRlbXMvQ3VycmVuY3kvU291bENvcmVzL0dyZWF0ZXJTb3VsQ29yZUNyaXQiLCJzY2FsZSI6MSwicmVhbG0iOiJwb2UyIn1d/b453416064/GreaterSoulCoreCrit.png,2026-09-14T18:13:19Z,us,
Soul Core of Topotante,soul-core-of-topotante,soul_core,exalted,2.23,-40,79,https://web.poecdn.com/gen/image/WzI1LDE0LHsiZiI6IjJESXRlbXMvQ3VycmVuY3kvU291bENvcmVzL0dyZWF0ZXJTb3VsQ29yZVRyaUVsZW1lbnQiLCJzY2FsZSI6MSwicmVhbG0iOiJwb2UyIn1d/ae7a949b3a/GreaterSoulCoreTriElement.png,2026-09-14T18:13:19Z,us,
Soul Core of Tzamoto,soul-core-of-tzamoto,soul_core,exalted,4.23,-29,30,https://web.poecdn.com/gen/image/WzI1LDE0LHsiZiI6IjJESXRlbXMvQ3VycmVuY3kvU291bENvcmVzL0dyZWF0ZXJTb3VsQ29yZUNvbGQiLCJzY2FsZSI6MSwicmVhbG0iOiJwb2UyIn1d/d437c04d5e/GreaterSoulCoreCold.png,2026-09-14T18:13:19Z,us,
Soul Core of Xopec,soul-core-of-xopec,soul_core,exalted,6.08,-0,40,https://web.poecdn.com/gen/image/WzI1LDE0LHsiZiI6IjJESXRlbXMvQ3VycmVuY3kvU291bENvcmVzL0dyZWF0ZXJTb3VsQ29yZUxpZ2h0bmluZyIsInNjYWxlIjoxLCJyZWFsbSI6InBvZTIifV0/3dffadfa9a/GreaterSoulCoreLightning.png,2026-09-14T18:13:19Z,us,
Soul Core of Zalatl,soul-core-of-zalatl,soul_core,exalted,222,+160,25,https://web.poecdn.com/gen/image/WzI1LDE0LHsiZiI6IjJESXRlbXMvQ3VycmVuY3kvU291bENvcmVzL0dyZWF0ZXJTb3VsQ29yZU1hbmEiLCJzY2FsZSI6MSwicmVhbG0iOiJwb2UyIn1d/1437190de2/GreaterSoulCoreMana.png,2026-09-14T18:13:19Z,us,
Soul Core of Zantipi,soul-core-of-zantipi,soul_core,divine,2,+57,5,https://web.poecdn.com/gen/image/WzI1LDE0LHsiZiI6IjJESXRlbXMvQ3VycmVuY3kvU291bENvcmVzL0dyZWF0ZXJTb3VsQ29yZWludCIsInNjYWxlIjoxLCJyZWFsbSI6InBvZTIifV0/bf932f7001/GreaterSoulCoreint.png,2026-09-14T18:13:19Z,us,
Tacati's Soul Core of Affliction,tacatis-soul-core-of-affliction,soul_core,divine,1,+400,2,https://web.poecdn.com/gen/image/WzI1LDE0LHsiZiI6IjJESXRlbXMvQ3VycmVuY3kvU291bENvcmVzL05ld1NvdWxDb3JlQ2hhb3MxIiwic2NhbGUiOjEsInJlYWxtIjoicG9lMiJ9XQ/276b585906/NewSoulCoreChaos1.png,2026-09-14T18:13:19Z,us,
Topotante's Soul Core of Dampening,topotantes-soul-core-of-dampening,soul_core,exalted,60.2,+2226,5,https://web.poecdn.com/gen/image/WzI1LDE0LHsiZiI6IjJESXRlbXMvQ3VycmVuY3kvU291bENvcmVzL05ld1NvdWxDb3JlRmlyZSIsInNjYWxlIjoxLCJyZWFsbSI6InBvZTIifV0/3657368a8c/NewSoulCoreFire.png,2026-09-14T18:13:19Z,us,
Tzamoto's Soul Core of Ferocity,tzamotos-soul-core-of-ferocity,soul_core,exalted,115,+6,26,https://web.poecdn.com/gen/image/WzI1LDE0LHsiZiI6IjJESXRlbXMvQ3VycmVuY3kvU291bENvcmVzL05ld1NvdWxDb3JlUmFnZSIsInNjYWxlIjoxLCJyZWFsbSI6InBvZTIifV0/7bbacc1706/NewSoulCoreRage.png,2026-09-14T18:13:19Z,us,
Uromoti's Soul Core of Attenuation,uromotis-soul-core-of-attenuation,soul_core,exalted,20,-34,1,https://web.poecdn.com/gen/image/WzI1LDE0LHsiZiI6IjJESXRlbXMvQ3VycmVuY3kvU291bENvcmVzL05ld1NvdWxDb3JlQ3Vyc2VzMiIsInNjYWxlIjoxLCJyZWFsbSI6InBvZTIifV0/25919ac93d/NewSoulCoreCurses2.png,2026-09-14T18:13:19Z,us,
Xipocado's Soul Core of Dominion,xipocados-soul-core-of-dominion,soul_core,exalted,78.2,-31,6,https://web.poecdn.com/gen/image/WzI1LDE0LHsiZiI6IjJESXRlbXMvQ3VycmVuY3kvU291bENvcmVzL05ld1NvdWxDb3JlTWluaW9uIiwic2NhbGUiOjEsInJlYWxtIjoicG9lMiJ9XQ/b1e7975db2/NewSoulCoreMinion.png,2026-09-14T18:13:19Z,us,
Xopec's Soul Core of Power,xopecs-soul-core-of-power,soul_core,chaos,17.3,-44,9,https://web.poecdn.com/gen/image/WzI1LDE0LHsiZiI6IjJESXRlbXMvQ3VycmVuY3kvU291bENvcmVzL05ld1NvdWxDb3JlUG93ZXJDaGFyZ2UiLCJzY2FsZSI6MSwicmVhbG0iOiJwb2UyIn1d/083d39a63b/NewSoulCorePowerCharge.png,2026-09-14T18:13:19Z,us,
Zalatl's Soul Core of Insulation,zalatls-soul-core-of-insulation,soul_core,divine,0.1,+2,30,https://web.poecdn.com/gen/image/WzI1LDE0LHsiZiI6IjJESXRlbXMvQ3VycmVuY3kvU291bENvcmVzL05ld1NvdWxDb3JlTGlnaHRuaW5nIiwic2NhbGUiOjEsInJlYWxtIjoicG9lMiJ9XQ/80c455f775/NewSoulCoreLightning.png,2026-09-14T18:13:19Z,us,
